date,vaccinated_pop,State,Dose,Total_pop,Nominalised Vaccinations,,dose1_perak,dose2_perak,dose1_selangor,dose2_selangor,dose1_kl,dose2_kl,dose1_putrajaya,dose2_putrajaya,dose1_ns,dose2_ns,dose1_melaka,dose2_melaka,dose1_kelantan,dose2_kelantan,dose1_terengganu,dose2_terengganu,dose1_pahang,dose2_pahang,dose1_johor,dose2_johor,dose1_sabah,dose2_sabah,dose1_labuan,dose2_labuan,dose1_sarawak,dose2_sarawak
3/03/2021,1598,Perlis,1,187756,0.851104625,,,,,,,,,,,,,,,,,,,,,,,,,,,
3/04/2021,1896,Perlis,1,1595396,1.009821257,,,,,,,,,,,,,,,,,,,,,,,,,,,
3/05/2021,2223,Perlis,1,1385097,1.183983468,,,,,,,,,,,,,,,,,,,,,,,,,,,
3/06/2021,2223,Perlis,1,1932525,1.183983468,,,,,,,,,,,,,,,,,,,,,,,,,,,
3/07/2021,2223,Perlis,1,4838547,1.183983468,,,,,,,,,,,,,,,,,,,,,,,,,,,
3/08/2021,3062,Perlis,1,1481138,1.630840026,,,,,,,,,,,,,,,,,,,,,,,,,,,
3/09/2021,4158,Perlis,1,56913,2.214576365,,,,,,,,,,,,,,,,,,,,,,,,,,,
3/10/2021,5241,Perlis,1,850890,2.791388824,,,,,,,,,,,,,,,,,,,,,,,,,,,
3/11/2021,6006,Perlis,1,701711,3.198832527,,,,,,,,,,,,,,,,,,,,,,,,,,,
3/12/2021,6591,Perlis,1,1237273,3.510407124,,,,,,,,,,,,,,,,,,,,,,,,,,,
03/13/2021,6807,Perlis,1,841837,3.625450052,,,,,,,,,,,,,,,,,,,,,,,,,,,
03/14/2021,6807,Perlis,1,1235357,3.625450052,,,,,,,,,,,,,,,,,,,,,,,,,,,
03/15/2021,7276,Perlis,1,2839652,3.875242336,,,,,,,,,,,,,,,,,,,,,,,,,,,
03/16/2021,8038,Perlis,1,2921000,4.281088221,,,,,,,,,,,,,,,,,,,,,,,,,,,
03/17/2021,8795,Perlis,1,72272,4.684271075,,,,,,,,,,,,,,,,,,,,,,,,,,,
03/18/2021,9519,Perlis,1,2072490,5.069877927,,,,,,,,,,,,,,,,,,,,,,,,,,,
03/19/2021,9526,Perlis,1,,5.07360617,,,,,,,,,,,,,,,,,,,,,,,,,,,
03/20/2021,9526,Perlis,1,,5.07360617,,,,,,,,,,,,,,,,,,,,,,,,,,,
03/21/2021,9526,Perlis,1,,5.07360617,,,,,,,,,,,,,,,,,,,,,,,,,,,
03/22/2021,9526,Perlis,1,,5.07360617,,,,,,,,,,,,,,,,,,,,,,,,,,,
03/23/2021,9526,Perlis,1,,5.07360617,,,,,,,,,,,,,,,,,,,,,,,,,,,
03/24/2021,9530,Perlis,1,,5.075736594,,,,,,,,,,,,,,,,,,,,,,,,,,,
03/25/2021,9533,Perlis,1,,5.077334413,,,,,,,,,,,,,,,,,,,,,,,,,,,
03/26/2021,9533,Perlis,1,,5.077334413,,,,,,,,,,,,,,,,,,,,,,,,,,,
03/27/2021,9533,Perlis,1,,5.077334413,,,,,,,,,,,,,,,,,,,,,,,,,,,
03/28/2021,9533,Perlis,1,,5.077334413,,,,,,,,,,,,,,,,,,,,,,,,,,,
03/29/2021,9581,Perlis,1,,5.102899508,,,,,,,,,,,,,,,,,,,,,,,,,,,
03/30/2021,9592,Perlis,1,,5.108758176,,,,,,,,,,,,,,,,,,,,,,,,,,,
03/31/2021,9840,Perlis,1,,5.2408445,,,,,,,,,,,,,,,,,,,,,,,,,,,
4/01/2021,9846,Perlis,1,,5.244040137,,,,,,,,,,,,,,,,,,,,,,,,,,,
4/02/2021,9855,Perlis,1,,5.248833593,,,,,,,,,,,,,,,,,,,,,,,,,,,
4/03/2021,9858,Perlis,1,,5.250431411,,,,,,,,,,,,,,,,,,,,,,,,,,,
4/04/2021,9858,Perlis,1,,5.250431411,,,,,,,,,,,,,,,,,,,,,,,,,,,
4/05/2021,9863,Perlis,1,,5.253094442,,,,,,,,,,,,,,,,,,,,,,,,,,,
4/06/2021,10001,Perlis,1,,5.32659409,,,,,,,,,,,,,,,,,,,,,,,,,,,
4/07/2021,10001,Perlis,1,,5.32659409,,,,,,,,,,,,,,,,,,,,,,,,,,,
4/08/2021,10001,Perlis,1,,5.32659409,,,,,,,,,,,,,,,,,,,,,,,,,,,
4/09/2021,10016,Perlis,1,,5.334583182,,,,,,,,,,,,,,,,,,,,,,,,,,,
3/03/2021,0,Perlis,2,,0,,,,,,,,,,,,,,,,,,,,,,,,,,,
3/04/2021,0,Perlis,2,,0,,,,,,,,,,,,,,,,,,,,,,,,,,,
3/05/2021,0,Perlis,2,,0,,,,,,,,,,,,,,,,,,,,,,,,,,,
3/06/2021,0,Perlis,2,,0,,,,,,,,,,,,,,,,,,,,,,,,,,,
3/07/2021,0,Perlis,2,,0,,,,,,,,,,,,,,,,,,,,,,,,,,,
3/08/2021,0,Perlis,2,,0,,,,,,,,,,,,,,,,,,,,,,,,,,,
3/09/2021,0,Perlis,2,,0,,,,,,,,,,,,,,,,,,,,,,,,,,,
3/10/2021,0,Perlis,2,,0,,,,,,,,,,,,,,,,,,,,,,,,,,,
3/11/2021,0,Perlis,2,,0,,,,,,,,,,,,,,,,,,,,,,,,,,,
3/12/2021,0,Perlis,2,,0,,,,,,,,,,,,,,,,,,,,,,,,,,,
03/13/2021,0,Perlis,2,,0,,,,,,,,,,,,,,,,,,,,,,,,,,,
03/14/2021,0,Perlis,2,,0,,,,,,,,,,,,,,,,,,,,,,,,,,,
03/15/2021,0,Perlis,2,,0,,,,,,,,,,,,,,,,,,,,,,,,,,,
03/16/2021,0,Perlis,2,,0,,,,,,,,,,,,,,,,,,,,,,,,,,,
03/17/2021,0,Perlis,2,,0,,,,,,,,,,,,,,,,,,,,,,,,,,,
03/18/2021,1,Perlis,2,,0.000532606,,,,,,,,,,,,,,,,,,,,,,,,,,,
03/19/2021,154,Perlis,2,,0.082021347,,,,,,,,,,,,,,,,,,,,,,,,,,,
03/20/2021,156,Perlis,2,,0.083086559,,,,,,,,,,,,,,,,,,,,,,,,,,,
03/21/2021,156,Perlis,2,,0.083086559,,,,,,,,,,,,,,,,,,,,,,,,,,,
03/22/2021,504,Perlis,2,,0.268433499,,,,,,,,,,,,,,,,,,,,,,,,,,,
03/23/2021,1037,Perlis,2,,0.552312576,,,,,,,,,,,,,,,,,,,,,,,,,,,
03/24/2021,1561,Perlis,2,,0.831398198,,,,,,,,,,,,,,,,,,,,,,,,,,,
03/25/2021,1853,Perlis,2,,0.986919193,,,,,,,,,,,,,,,,,,,,,,,,,,,
03/26/2021,2157,Perlis,2,,1.148831462,,,,,,,,,,,,,,,,,,,,,,,,,,,
03/27/2021,2157,Perlis,2,,1.148831462,,,,,,,,,,,,,,,,,,,,,,,,,,,
03/28/2021,2157,Perlis,2,,1.148831462,,,,,,,,,,,,,,,,,,,,,,,,,,,
03/29/2021,2978,Perlis,2,,1.58610111,,,,,,,,,,,,,,,,,,,,,,,,,,,
03/30/2021,4035,Perlis,2,,2.149065809,,,,,,,,,,,,,,,,,,,,,,,,,,,
03/31/2021,4465,Perlis,2,,2.378086453,,,,,,,,,,,,,,,,,,,,,,,,,,,
4/01/2021,5610,Perlis,2,,2.987920493,,,,,,,,,,,,,,,,,,,,,,,,,,,
4/02/2021,6455,Perlis,2,,3.437972688,,,,,,,,,,,,,,,,,,,,,,,,,,,
4/03/2021,6668,Perlis,2,,3.551417798,,,,,,,,,,,,,,,,,,,,,,,,,,,
4/04/2021,6668,Perlis,2,,3.551417798,,,,,,,,,,,,,,,,,,,,,,,,,,,
4/05/2021,6820,Perlis,2,,3.632373932,,,,,,,,,,,,,,,,,,,,,,,,,,,
4/06/2021,6854,Perlis,2,,3.650482541,,,,,,,,,,,,,,,,,,,,,,,,,,,
4/07/2021,6884,Perlis,2,,3.666460726,,,,,,,,,,,,,,,,,,,,,,,,,,,
4/08/2021,6920,Perlis,2,,3.685634547,,,,,,,,,,,,,,,,,,,,,,,,,,,
4/09/2021,8026,Perlis,2,,4.274696947,,,,,,,,,,,,,,,,,,,,,,,,,,,
3/03/2021,4388,Kedah,1,,0.275041432,,,,,,,,,,,,,,,,,,,,,,,,,,,
3/04/2021,5171,Kedah,1,,0.324120156,,,,,,,,,,,,,,,,,,,,,,,,,,,
3/05/2021,5306,Kedah,1,,0.332582005,,,,,,,,,,,,,,,,,,,,,,,,,,,
3/06/2021,5414,Kedah,1,,0.339351484,,,,,,,,,,,,,,,,,,,,,,,,,,,
3/07/2021,6269,Kedah,1,,0.392943194,,,,,,,,,,,,,,,,,,,,,,,,,,,
3/08/2021,9358,Kedah,1,,0.586562835,,,,,,,,,,,,,,,,,,,,,,,,,,,
3/09/2021,11638,Kedah,1,,0.729474062,,,,,,,,,,,,,,,,,,,,,,,,,,,
3/10/2021,14200,Kedah,1,,0.890061151,,,,,,,,,,,,,,,,,,,,,,,,,,,
3/11/2021,15834,Kedah,1,,0.992480864,,,,,,,,,,,,,,,,,,,,,,,,,,,
3/12/2021,16546,Kedah,1,,1.037109282,,,,,,,,,,,,,,,,,,,,,,,,,,,
03/13/2021,17114,Kedah,1,,1.072711728,,,,,,,,,,,,,,,,,,,,,,,,,,,
03/14/2021,18539,Kedah,1,,1.162031245,,,,,,,,,,,,,,,,,,,,,,,,,,,
03/15/2021,21171,Kedah,1,,1.32700596,,,,,,,,,,,,,,,,,,,,,,,,,,,
03/16/2021,23871,Kedah,1,,1.496242939,,,,,,,,,,,,,,,,,,,,,,,,,,,
03/17/2021,25492,Kedah,1,,1.597847807,,,,,,,,,,,,,,,,,,,,,,,,,,,
03/18/2021,25958,Kedah,1,,1.627056856,,,,,,,,,,,,,,,,,,,,,,,,,,,
03/19/2021,26259,Kedah,1,,1.645923645,,,,,,,,,,,,,,,,,,,,,,,,,,,
03/20/2021,26265,Kedah,1,,1.646299727,,,,,,,,,,,,,,,,,,,,,,,,,,,
03/21/2021,26271,Kedah,1,,1.64667581,,,,,,,,,,,,,,,,,,,,,,,,,,,
03/22/2021,26287,Kedah,1,,1.647678695,,,,,,,,,,,,,,,,,,,,,,,,,,,
03/23/2021,26293,Kedah,1,,1.648054778,,,,,,,,,,,,,,,,,,,,,,,,,,,
03/24/2021,26310,Kedah,1,,1.649120344,,,,,,,,,,,,,,,,,,,,,,,,,,,
03/25/2021,26316,Kedah,1,,1.649496426,,,,,,,,,,,,,,,,,,,,,,,,,,,
03/26/2021,26316,Kedah,1,,1.649496426,,,,,,,,,,,,,,,,,,,,,,,,,,,
03/27/2021,26316,Kedah,1,,1.649496426,,,,,,,,,,,,,,,,,,,,,,,,,,,
03/28/2021,26355,Kedah,1,,1.65194096,,,,,,,,,,,,,,,,,,,,,,,,,,,
03/29/2021,27257,Kedah,1,,1.708478647,,,,,,,,,,,,,,,,,,,,,,,,,,,
03/30/2021,28209,Kedah,1,,1.768150353,,,,,,,,,,,,,,,,,,,,,,,,,,,
03/31/2021,29089,Kedah,1,,1.823309072,,,,,,,,,,,,,,,,,,,,,,,,,,,
4/01/2021,30316,Kedah,1,,1.900217877,,,,,,,,,,,,,,,,,,,,,,,,,,,
4/02/2021,30536,Kedah,1,,1.914007557,,,,,,,,,,,,,,,,,,,,,,,,,,,
4/03/2021,30550,Kedah,1,,1.914885082,,,,,,,,,,,,,,,,,,,,,,,,,,,
4/04/2021,31115,Kedah,1,,1.950299487,,,,,,,,,,,,,,,,,,,,,,,,,,,
4/05/2021,31324,Kedah,1,,1.963399683,,,,,,,,,,,,,,,,,,,,,,,,,,,
4/06/2021,32089,Kedah,1,,2.01135016,,,,,,,,,,,,,,,,,,,,,,,,,,,
4/07/2021,32556,Kedah,1,,2.040621889,,,,,,,,,,,,,,,,,,,,,,,,,,,
4/08/2021,32836,Kedah,1,,2.058172391,,,,,,,,,,,,,,,,,,,,,,,,,,,
4/09/2021,33449,Kedah,1,,2.096595453,,,,,,,,,,,,,,,,,,,,,,,,,,,
3/03/2021,0,Kedah,2,,0,,,,,,,,,,,,,,,,,,,,,,,,,,,
3/04/2021,0,Kedah,2,,0,,,,,,,,,,,,,,,,,,,,,,,,,,,
3/05/2021,0,Kedah,2,,0,,,,,,,,,,,,,,,,,,,,,,,,,,,
3/06/2021,0,Kedah,2,,0,,,,,,,,,,,,,,,,,,,,,,,,,,,
3/07/2021,0,Kedah,2,,0,,,,,,,,,,,,,,,,,,,,,,,,,,,
3/08/2021,0,Kedah,2,,0,,,,,,,,,,,,,,,,,,,,,,,,,,,
3/09/2021,0,Kedah,2,,0,,,,,,,,,,,,,,,,,,,,,,,,,,,
3/10/2021,0,Kedah,2,,0,,,,,,,,,,,,,,,,,,,,,,,,,,,
3/11/2021,0,Kedah,2,,0,,,,,,,,,,,,,,,,,,,,,,,,,,,
3/12/2021,0,Kedah,2,,0,,,,,,,,,,,,,,,,,,,,,,,,,,,
03/13/2021,0,Kedah,2,,0,,,,,,,,,,,,,,,,,,,,,,,,,,,
03/14/2021,0,Kedah,2,,0,,,,,,,,,,,,,,,,,,,,,,,,,,,
03/15/2021,0,Kedah,2,,0,,,,,,,,,,,,,,,,,,,,,,,,,,,
03/16/2021,0,Kedah,2,,0,,,,,,,,,,,,,,,,,,,,,,,,,,,
03/17/2021,0,Kedah,2,,0,,,,,,,,,,,,,,,,,,,,,,,,,,,
03/18/2021,0,Kedah,2,,0,,,,,,,,,,,,,,,,,,,,,,,,,,,
03/19/2021,6,Kedah,2,,0.000376082,,,,,,,,,,,,,,,,,,,,,,,,,,,
03/20/2021,6,Kedah,2,,0.000376082,,,,,,,,,,,,,,,,,,,,,,,,,,,
03/21/2021,719,Kedah,2,,0.045067181,,,,,,,,,,,,,,,,,,,,,,,,,,,
03/22/2021,1896,Kedah,2,,0.118841968,,,,,,,,,,,,,,,,,,,,,,,,,,,
03/23/2021,3138,Kedah,2,,0.196690978,,,,,,,,,,,,,,,,,,,,,,,,,,,
03/24/2021,4469,Kedah,2,,0.280118541,,,,,,,,,,,,,,,,,,,,,,,,,,,
03/25/2021,5009,Kedah,2,,0.313965937,,,,,,,,,,,,,,,,,,,,,,,,,,,
03/26/2021,5144,Kedah,2,,0.322427786,,,,,,,,,,,,,,,,,,,,,,,,,,,
03/27/2021,5238,Kedah,2,,0.32831974,,,,,,,,,,,,,,,,,,,,,,,,,,,
03/28/2021,6007,Kedah,2,,0.376520939,,,,,,,,,,,,,,,,,,,,,,,,,,,
03/29/2021,8825,Kedah,2,,0.553154201,,,,,,,,,,,,,,,,,,,,,,,,,,,
03/30/2021,11139,Kedah,2,,0.698196561,,,,,,,,,,,,,,,,,,,,,,,,,,,
03/31/2021,13650,Kedah,2,,0.855586951,,,,,,,,,,,,,,,,,,,,,,,,,,,
4/01/2021,15300,Kedah,2,,0.95900955,,,,,,,,,,,,,,,,,,,,,,,,,,,
4/02/2021,15698,Kedah,2,,0.983956334,,,,,,,,,,,,,,,,,,,,,,,,,,,
4/03/2021,16130,Kedah,2,,1.011034251,,,,,,,,,,,,,,,,,,,,,,,,,,,
4/04/2021,17493,Kedah,2,,1.096467585,,,,,,,,,,,,,,,,,,,,,,,,,,,
4/05/2021,19925,Kedah,2,,1.248906228,,,,,,,,,,,,,,,,,,,,,,,,,,,
4/06/2021,22579,Kedah,2,,1.41525991,,,,,,,,,,,,,,,,,,,,,,,,,,,
4/07/2021,24046,Kedah,2,,1.507212003,,,,,,,,,,,,,,,,,,,,,,,,,,,
4/08/2021,24621,Kedah,2,,1.543253211,,,,,,,,,,,,,,,,,,,,,,,,,,,
4/09/2021,24698,Kedah,2,,1.548079599,,,,,,,,,,,,,,,,,,,,,,,,,,,
3/03/2021,2914,Penang,1,,0.210382378,,,,,,,,,,,,,,,,,,,,,,,,,,,
3/04/2021,4034,Penang,1,,0.29124314,,,,,,,,,,,,,,,,,,,,,,,,,,,
3/05/2021,5052,Penang,1,,0.364739798,,,,,,,,,,,,,,,,,,,,,,,,,,,
3/06/2021,5172,Penang,1,,0.373403451,,,,,,,,,,,,,,,,,,,,,,,,,,,
3/07/2021,5292,Penang,1,,0.382067104,,,,,,,,,,,,,,,,,,,,,,,,,,,
3/08/2021,6487,Penang,1,,0.46834265,,,,,,,,,,,,,,,,,,,,,,,,,,,
3/09/2021,7781,Penang,1,,0.56176571,,,,,,,,,,,,,,,,,,,,,,,,,,,
3/10/2021,9811,Penang,1,,0.708325843,,,,,,,,,,,,,,,,,,,,,,,,,,,
3/11/2021,12608,Penang,1,,0.910261159,,,,,,,,,,,,,,,,,,,,,,,,,,,
3/12/2021,15459,Penang,1,,1.116095118,,,,,,,,,,,,,,,,,,,,,,,,,,,
03/13/2021,16255,Penang,1,,1.173564018,,,,,,,,,,,,,,,,,,,,,,,,,,,
03/14/2021,16758,Penang,1,,1.209879164,,,,,,,,,,,,,,,,,,,,,,,,,,,
03/15/2021,18465,Penang,1,,1.33311963,,,,,,,,,,,,,,,,,,,,,,,,,,,
03/16/2021,20393,Penang,1,,1.472315657,,,,,,,,,,,,,,,,,,,,,,,,,,,
03/17/2021,22037,Penang,1,,1.591007706,,,,,,,,,,,,,,,,,,,,,,,,,,,
03/18/2021,23485,Penang,1,,1.69554912,,,,,,,,,,,,,,,,,,,,,,,,,,,
03/19/2021,24996,Penang,1,,1.804638953,,,,,,,,,,,,,,,,,,,,,,,,,,,
03/20/2021,26879,Penang,1,,1.940586111,,,,,,,,,,,,,,,,,,,,,,,,,,,
03/21/2021,28316,Penang,1,,2.044333357,,,,,,,,,,,,,,,,,,,,,,,,,,,
03/22/2021,29568,Penang,1,,2.134724138,,,,,,,,,,,,,,,,,,,,,,,,,,,
03/23/2021,30394,Penang,1,,2.194358951,,,,,,,,,,,,,,,,,,,,,,,,,,,
03/24/2021,31189,Penang,1,,2.251755653,,,,,,,,,,,,,,,,,,,,,,,,,,,
03/25/2021,31740,Penang,1,,2.291536261,,,,,,,,,,,,,,,,,,,,,,,,,,,
03/26/2021,31802,Penang,1,,2.296012481,,,,,,,,,,,,,,,,,,,,,,,,,,,
03/27/2021,31802,Penang,1,,2.296012481,,,,,,,,,,,,,,,,,,,,,,,,,,,
03/28/2021,31802,Penang,1,,2.296012481,,,,,,,,,,,,,,,,,,,,,,,,,,,
03/29/2021,32119,Penang,1,,2.318898965,,,,,,,,,,,,,,,,,,,,,,,,,,,
03/30/2021,32215,Penang,1,,2.325829888,,,,,,,,,,,,,,,,,,,,,,,,,,,
03/31/2021,32425,Penang,1,,2.340991281,,,,,,,,,,,,,,,,,,,,,,,,,,,
4/01/2021,33045,Penang,1,,2.385753489,,,,,,,,,,,,,,,,,,,,,,,,,,,
4/02/2021,33561,Penang,1,,2.423007197,,,,,,,,,,,,,,,,,,,,,,,,,,,
4/03/2021,33613,Penang,1,,2.426761447,,,,,,,,,,,,,,,,,,,,,,,,,,,
4/04/2021,33688,Penang,1,,2.43217623,,,,,,,,,,,,,,,,,,,,,,,,,,,
4/05/2021,33964,Penang,1,,2.452102633,,,,,,,,,,,,,,,,,,,,,,,,,,,
4/06/2021,34096,Penang,1,,2.461632651,,,,,,,,,,,,,,,,,,,,,,,,,,,
4/07/2021,34218,Penang,1,,2.470440698,,,,,,,,,,,,,,,,,,,,,,,,,,,
4/08/2021,35085,Penang,1,,2.533035592,,,,,,,,,,,,,,,,,,,,,,,,,,,
4/09/2021,35728,Penang,1,,2.579458334,,,,,,,,,,,,,,,,,,,,,,,,,,,
3/03/2021,0,Penang,2,,0,,,,,,,,,,,,,,,,,,,,,,,,,,,
3/04/2021,0,Penang,2,,0,,,,,,,,,,,,,,,,,,,,,,,,,,,
3/05/2021,0,Penang,2,,0,,,,,,,,,,,,,,,,,,,,,,,,,,,
3/06/2021,0,Penang,2,,0,,,,,,,,,,,,,,,,,,,,,,,,,,,
3/07/2021,0,Penang,2,,0,,,,,,,,,,,,,,,,,,,,,,,,,,,
3/08/2021,0,Penang,2,,0,,,,,,,,,,,,,,,,,,,,,,,,,,,
3/09/2021,0,Penang,2,,0,,,,,,,,,,,,,,,,,,,,,,,,,,,
3/10/2021,0,Penang,2,,0,,,,,,,,,,,,,,,,,,,,,,,,,,,
3/11/2021,0,Penang,2,,0,,,,,,,,,,,,,,,,,,,,,,,,,,,
3/12/2021,0,Penang,2,,0,,,,,,,,,,,,,,,,,,,,,,,,,,,
03/13/2021,0,Penang,2,,0,,,,,,,,,,,,,,,,,,,,,,,,,,,
03/14/2021,0,Penang,2,,0,,,,,,,,,,,,,,,,,,,,,,,,,,,
03/15/2021,0,Penang,2,,0,,,,,,,,,,,,,,,,,,,,,,,,,,,
03/16/2021,0,Penang,2,,0,,,,,,,,,,,,,,,,,,,,,,,,,,,
03/17/2021,0,Penang,2,,0,,,,,,,,,,,,,,,,,,,,,,,,,,,
03/18/2021,0,Penang,2,,0,,,,,,,,,,,,,,,,,,,,,,,,,,,
03/19/2021,328,Penang,2,,0.023680652,,,,,,,,,,,,,,,,,,,,,,,,,,,
03/20/2021,328,Penang,2,,0.023680652,,,,,,,,,,,,,,,,,,,,,,,,,,,
03/21/2021,328,Penang,2,,0.023680652,,,,,,,,,,,,,,,,,,,,,,,,,,,
03/22/2021,721,Penang,2,,0.052054116,,,,,,,,,,,,,,,,,,,,,,,,,,,
03/23/2021,1721,Penang,2,,0.124251226,,,,,,,,,,,,,,,,,,,,,,,,,,,
03/24/2021,2756,Penang,2,,0.198975234,,,,,,,,,,,,,,,,,,,,,,,,,,,
03/25/2021,3855,Penang,2,,0.278319858,,,,,,,,,,,,,,,,,,,,,,,,,,,
03/26/2021,4752,Penang,2,,0.343080665,,,,,,,,,,,,,,,,,,,,,,,,,,,
03/27/2021,4866,Penang,2,,0.351311136,,,,,,,,,,,,,,,,,,,,,,,,,,,
03/28/2021,4977,Penang,2,,0.359325015,,,,,,,,,,,,,,,,,,,,,,,,,,,
03/29/2021,6186,Penang,2,,0.44661132,,,,,,,,,,,,,,,,,,,,,,,,,,,
03/30/2021,7507,Penang,2,,0.541983702,,,,,,,,,,,,,,,,,,,,,,,,,,,
03/31/2021,9330,Penang,2,,0.673599033,,,,,,,,,,,,,,,,,,,,,,,,,,,
4/01/2021,11563,Penang,2,,0.834815179,,,,,,,,,,,,,,,,,,,,,,,,,,,
4/02/2021,14191,Penang,2,,1.024549183,,,,,,,,,,,,,,,,,,,,,,,,,,,
4/03/2021,14946,Penang,2,,1.079058001,,,,,,,,,,,,,,,,,,,,,,,,,,,
4/04/2021,15431,Penang,2,,1.114073599,,,,,,,,,,,,,,,,,,,,,,,,,,,
4/05/2021,17483,Penang,2,,1.262222068,,,,,,,,,,,,,,,,,,,,,,,,,,,
4/06/2021,19731,Penang,2,,1.424521171,,,,,,,,,,,,,,,,,,,,,,,,,,,
4/07/2021,21665,Penang,2,,1.564150381,,,,,,,,,,,,,,,,,,,,,,,,,,,
4/08/2021,23131,Penang,2,,1.669991344,,,,,,,,,,,,,,,,,,,,,,,,,,,
4/09/2021,24862,Penang,2,,1.79496454,,,,,,,,,,,,,,,,,,,,,,,,,,,
3/03/2021,7757,Perak,1,,0.401391961,,,,,,,,,,,,,,,,,,,,,,,,,,,
3/04/2021,8844,Perak,1,,0.457639617,,,,,,,,,,,,,,,,,,,,,,,,,,,
3/05/2021,9892,Perak,1,,0.511869187,,,,,,,,,,,,,,,,,,,,,,,,,,,
3/06/2021,10678,Perak,1,,0.552541364,,,,,,,,,,,,,,,,,,,,,,,,,,,
3/07/2021,10678,Perak,1,,0.552541364,,,,,,,,,,,,,,,,,,,,,,,,,,,
3/08/2021,12952,Perak,1,,0.670211252,,,,,,,,,,,,,,,,,,,,,,,,,,,
3/09/2021,15881,Perak,1,,0.821774621,,,,,,,,,,,,,,,,,,,,,,,,,,,
3/10/2021,17450,Perak,1,,0.902963739,,,,,,,,,,,,,,,,,,,,,,,,,,,
3/11/2021,21160,Perak,1,,1.094940557,,,,,,,,,,,,,,,,,,,,,,,,,,,
3/12/2021,28463,Perak,1,,1.472839937,,,,,,,,,,,,,,,,,,,,,,,,,,,
03/13/2021,31675,Perak,1,,1.63904736,,,,,,,,,,,,,,,,,,,,,,,,,,,
03/14/2021,33036,Perak,1,,1.709473357,,,,,,,,,,,,,,,,,,,,,,,,,,,
03/15/2021,34666,Perak,1,,1.793818967,,,,,,,,,,,,,,,,,,,,,,,,,,,
03/16/2021,39404,Perak,1,,2.03899044,,,,,,,,,,,,,,,,,,,,,,,,,,,
03/17/2021,42227,Perak,1,,2.185068757,,,,,,,,,,,,,,,,,,,,,,,,,,,
03/18/2021,45138,Perak,1,,2.335700702,,,,,,,,,,,,,,,,,,,,,,,,,,,
03/19/2021,47056,Perak,1,,2.434949095,,,,,,,,,,,,,,,,,,,,,,,,,,,
03/20/2021,48136,Perak,1,,2.49083453,,,,,,,,,,,,,,,,,,,,,,,,,,,
03/21/2021,48689,Perak,1,,2.519449942,,,,,,,,,,,,,,,,,,,,,,,,,,,
03/22/2021,49053,Perak,1,,2.538285404,,,,,,,,,,,,,,,,,,,,,,,,,,,
03/23/2021,49451,Perak,1,,2.558880221,,,,,,,,,,,,,,,,,,,,,,,,,,,
03/24/2021,49528,Perak,1,,2.562864646,,,,,,,,,,,,,,,,,,,,,,,,,,,
03/25/2021,49535,Perak,1,,2.563226866,,,,,,,,,,,,,,,,,,,,,,,,,,,
03/26/2021,49541,Perak,1,,2.563537341,,,,,,,,,,,,,,,,,,,,,,,,,,,
03/27/2021,49545,Perak,1,,2.563744324,,,,,,,,,,,,,,,,,,,,,,,,,,,
03/28/2021,49545,Perak,1,,2.563744324,,,,,,,,,,,,,,,,,,,,,,,,,,,
03/29/2021,49349,Perak,1,,2.553602153,,,,,,,,,,,,,,,,,,,,,,,,,,,
03/30/2021,49359,Perak,1,,2.55411961,,,,,,,,,,,,,,,,,,,,,,,,,,,
03/31/2021,49365,Perak,1,,2.554430085,,,,,,,,,,,,,,,,,,,,,,,,,,,
4/01/2021,49996,Perak,1,,2.587081668,,,,,,,,,,,,,,,,,,,,,,,,,,,
4/02/2021,50307,Perak,1,,2.603174603,,,,,,,,,,,,,,,,,,,,,,,,,,,
4/03/2021,50334,Perak,1,,2.604571739,,,,,,,,,,,,,,,,,,,,,,,,,,,
4/04/2021,50378,Perak,1,,2.606848553,,,,,,,,,,,,,,,,,,,,,,,,,,,
4/05/2021,51149,Perak,1,,2.646744544,,,,,,,,,,,,,,,,,,,,,,,,,,,
4/06/2021,51469,Perak,1,,2.663303191,,,,,,,,,,,,,,,,,,,,,,,,,,,
4/07/2021,52032,Perak,1,,2.692436062,,,,,,,,,,,,,,,,,,,,,,,,,,,
4/08/2021,52548,Perak,1,,2.719136881,,,,,,,,,,,,,,,,,,,,,,,,,,,
4/09/2021,52639,Perak,1,,2.723845746,,,,,,,,,,,,,,,,,,,,,,,,,,,
3/03/2021,0,Perak,2,,0,,,,,,,,,,,,,,,,,,,,,,,,,,,
3/04/2021,0,Perak,2,,0,,,,,,,,,,,,,,,,,,,,,,,,,,,
3/05/2021,0,Perak,2,,0,,,,,,,,,,,,,,,,,,,,,,,,,,,
3/06/2021,0,Perak,2,,0,,,,,,,,,,,,,,,,,,,,,,,,,,,
3/07/2021,0,Perak,2,,0,,,,,,,,,,,,,,,,,,,,,,,,,,,
3/08/2021,0,Perak,2,,0,,,,,,,,,,,,,,,,,,,,,,,,,,,
3/09/2021,0,Perak,2,,0,,,,,,,,,,,,,,,,,,,,,,,,,,,
3/10/2021,0,Perak,2,,0,,,,,,,,,,,,,,,,,,,,,,,,,,,
3/11/2021,0,Perak,2,,0,,,,,,,,,,,,,,,,,,,,,,,,,,,
3/12/2021,0,Perak,2,,0,,,,,,,,,,,,,,,,,,,,,,,,,,,
03/13/2021,0,Perak,2,,0,,,,,,,,,,,,,,,,,,,,,,,,,,,
03/14/2021,0,Perak,2,,0,,,,,,,,,,,,,,,,,,,,,,,,,,,
03/15/2021,0,Perak,2,,0,,,,,,,,,,,,,,,,,,,,,,,,,,,
03/16/2021,0,Perak,2,,0,,,,,,,,,,,,,,,,,,,,,,,,,,,
03/17/2021,0,Perak,2,,0,,,,,,,,,,,,,,,,,,,,,,,,,,,
03/18/2021,173,Perak,2,,0.008952019,,,,,,,,,,,,,,,,,,,,,,,,,,,
03/19/2021,475,Perak,2,,0.024579242,,,,,,,,,,,,,,,,,,,,,,,,,,,
03/20/2021,713,Perak,2,,0.036894736,,,,,,,,,,,,,,,,,,,,,,,,,,,
03/21/2021,829,Perak,2,,0.042897246,,,,,,,,,,,,,,,,,,,,,,,,,,,
03/22/2021,2363,Perak,2,,0.122275262,,,,,,,,,,,,,,,,,,,,,,,,,,,
03/23/2021,5337,Perak,2,,0.276167191,,,,,,,,,,,,,,,,,,,,,,,,,,,
03/24/2021,7197,Perak,2,,0.372414328,,,,,,,,,,,,,,,,,,,,,,,,,,,
03/25/2021,8164,Perak,2,,0.422452491,,,,,,,,,,,,,,,,,,,,,,,,,,,
03/26/2021,9081,Perak,2,,0.469903365,,,,,,,,,,,,,,,,,,,,,,,,,,,
03/27/2021,9760,Perak,2,,0.505038745,,,,,,,,,,,,,,,,,,,,,,,,,,,
03/28/2021,9760,Perak,2,,0.505038745,,,,,,,,,,,,,,,,,,,,,,,,,,,
03/29/2021,12219,Perak,2,,0.6322816,,,,,,,,,,,,,,,,,,,,,,,,,,,
03/30/2021,14962,Perak,2,,0.774220256,,,,,,,,,,,,,,,,,,,,,,,,,,,
03/31/2021,16669,Perak,2,,0.86255029,,,,,,,,,,,,,,,,,,,,,,,,,,,
4/01/2021,20717,Perak,2,,1.07201718,,,,,,,,,,,,,,,,,,,,,,,,,,,
4/02/2021,26662,Perak,2,,1.3796458,,,,,,,,,,,,,,,,,,,,,,,,,,,
4/03/2021,29412,Perak,2,,1.521946676,,,,,,,,,,,,,,,,,,,,,,,,,,,
4/04/2021,30793,Perak,2,,1.593407589,,,,,,,,,,,,,,,,,,,,,,,,,,,
4/05/2021,32132,Perak,2,,1.662695179,,,,,,,,,,,,,,,,,,,,,,,,,,,
4/06/2021,34035,Perak,2,,1.761167385,,,,,,,,,,,,,,,,,,,,,,,,,,,
4/07/2021,34235,Perak,2,,1.771516539,,,,,,,,,,,,,,,,,,,,,,,,,,,
4/08/2021,34436,Perak,2,,1.78191744,,,,,,,,,,,,,,,,,,,,,,,,,,,
4/09/2021,37884,Perak,2,,1.960336865,,,,,,,,,,,,,,,,,,,,,,,,,,,
3/03/2021,4276,Selangor,1,,0.088373638,,,,,,,,,,,,,,,,,,,,,,,,,,,
3/04/2021,6483,Selangor,1,,0.133986505,,,,,,,,,,,,,,,,,,,,,,,,,,,
3/05/2021,8899,Selangor,1,,0.18391885,,,,,,,,,,,,,,,,,,,,,,,,,,,
3/06/2021,11982,Selangor,1,,0.247636326,,,,,,,,,,,,,,,,,,,,,,,,,,,
3/07/2021,12336,Selangor,1,,0.254952572,,,,,,,,,,,,,,,,,,,,,,,,,,,
3/08/2021,15357,Selangor,1,,0.317388671,,,,,,,,,,,,,,,,,,,,,,,,,,,
3/09/2021,19251,Selangor,1,,0.397867376,,,,,,,,,,,,,,,,,,,,,,,,,,,
3/10/2021,24211,Selangor,1,,0.500377489,,,,,,,,,,,,,,,,,,,,,,,,,,,
3/11/2021,29208,Selangor,1,,0.603652295,,,,,,,,,,,,,,,,,,,,,,,,,,,
3/12/2021,33163,Selangor,1,,0.68539171,,,,,,,,,,,,,,,,,,,,,,,,,,,
03/13/2021,35620,Selangor,1,,0.736171417,,,,,,,,,,,,,,,,,,,,,,,,,,,
03/14/2021,36163,Selangor,1,,0.747393794,,,,,,,,,,,,,,,,,,,,,,,,,,,
03/15/2021,38632,Selangor,1,,0.79842151,,,,,,,,,,,,,,,,,,,,,,,,,,,
03/16/2021,41913,Selangor,1,,0.866231123,,,,,,,,,,,,,,,,,,,,,,,,,,,
03/17/2021,45854,Selangor,1,,0.947681194,,,,,,,,,,,,,,,,,,,,,,,,,,,
03/18/2021,49521,Selangor,1,,1.023468409,,,,,,,,,,,,,,,,,,,,,,,,,,,
03/19/2021,52412,Selangor,1,,1.083217751,,,,,,,,,,,,,,,,,,,,,,,,,,,
03/20/2021,52971,Selangor,1,,1.094770806,,,,,,,,,,,,,,,,,,,,,,,,,,,
03/21/2021,53566,Selangor,1,,1.107067886,,,,,,,,,,,,,,,,,,,,,,,,,,,
03/22/2021,55763,Selangor,1,,1.15247408,,,,,,,,,,,,,,,,,,,,,,,,,,,
03/23/2021,58552,Selangor,1,,1.210115351,,,,,,,,,,,,,,,,,,,,,,,,,,,
03/24/2021,60521,Selangor,1,,1.250809386,,,,,,,,,,,,,,,,,,,,,,,,,,,
03/25/2021,62418,Selangor,1,,1.29001537,,,,,,,,,,,,,,,,,,,,,,,,,,,
03/26/2021,63640,Selangor,1,,1.315270886,,,,,,,,,,,,,,,,,,,,,,,,,,,
03/27/2021,63675,Selangor,1,,1.315994244,,,,,,,,,,,,,,,,,,,,,,,,,,,
03/28/2021,63675,Selangor,1,,1.315994244,,,,,,,,,,,,,,,,,,,,,,,,,,,
03/29/2021,65313,Selangor,1,,1.349847382,,,,,,,,,,,,,,,,,,,,,,,,,,,
03/30/2021,67128,Selangor,1,,1.387358643,,,,,,,,,,,,,,,,,,,,,,,,,,,
03/31/2021,67931,Selangor,1,,1.403954534,,,,,,,,,,,,,,,,,,,,,,,,,,,
4/01/2021,69852,Selangor,1,,1.443656536,,,,,,,,,,,,,,,,,,,,,,,,,,,
4/02/2021,71389,Selangor,1,,1.47542227,,,,,,,,,,,,,,,,,,,,,,,,,,,
4/03/2021,71403,Selangor,1,,1.475711613,,,,,,,,,,,,,,,,,,,,,,,,,,,
4/04/2021,71405,Selangor,1,,1.475752948,,,,,,,,,,,,,,,,,,,,,,,,,,,
4/05/2021,72666,Selangor,1,,1.501814491,,,,,,,,,,,,,,,,,,,,,,,,,,,
4/06/2021,73433,Selangor,1,,1.517666357,,,,,,,,,,,,,,,,,,,,,,,,,,,
4/07/2021,74659,Selangor,1,,1.543004542,,,,,,,,,,,,,,,,,,,,,,,,,,,
4/08/2021,75225,Selangor,1,,1.554702269,,,,,,,,,,,,,,,,,,,,,,,,,,,
4/09/2021,76273,Selangor,1,,1.576361664,,,,,,,,,,,,,,,,,,,,,,,,,,,
3/03/2021,0,Selangor,2,,0,,,,,,,,,,,,,,,,,,,,,,,,,,,
3/04/2021,0,Selangor,2,,0,,,,,,,,,,,,,,,,,,,,,,,,,,,
3/05/2021,0,Selangor,2,,0,,,,,,,,,,,,,,,,,,,,,,,,,,,
3/06/2021,0,Selangor,2,,0,,,,,,,,,,,,,,,,,,,,,,,,,,,
3/07/2021,0,Selangor,2,,0,,,,,,,,,,,,,,,,,,,,,,,,,,,
3/08/2021,0,Selangor,2,,0,,,,,,,,,,,,,,,,,,,,,,,,,,,
3/09/2021,0,Selangor,2,,0,,,,,,,,,,,,,,,,,,,,,,,,,,,
3/10/2021,0,Selangor,2,,0,,,,,,,,,,,,,,,,,,,,,,,,,,,
3/11/2021,0,Selangor,2,,0,,,,,,,,,,,,,,,,,,,,,,,,,,,
3/12/2021,0,Selangor,2,,0,,,,,,,,,,,,,,,,,,,,,,,,,,,
03/13/2021,0,Selangor,2,,0,,,,,,,,,,,,,,,,,,,,,,,,,,,
03/14/2021,0,Selangor,2,,0,,,,,,,,,,,,,,,,,,,,,,,,,,,
03/15/2021,0,Selangor,2,,0,,,,,,,,,,,,,,,,,,,,,,,,,,,
03/16/2021,0,Selangor,2,,0,,,,,,,,,,,,,,,,,,,,,,,,,,,
03/17/2021,0,Selangor,2,,0,,,,,,,,,,,,,,,,,,,,,,,,,,,
03/18/2021,41,Selangor,2,,0.000847362,,,,,,,,,,,,,,,,,,,,,,,,,,,
03/19/2021,369,Selangor,2,,0.007626256,,,,,,,,,,,,,,,,,,,,,,,,,,,
03/20/2021,369,Selangor,2,,0.007626256,,,,,,,,,,,,,,,,,,,,,,,,,,,
03/21/2021,369,Selangor,2,,0.007626256,,,,,,,,,,,,,,,,,,,,,,,,,,,
03/22/2021,1017,Selangor,2,,0.021018707,,,,,,,,,,,,,,,,,,,,,,,,,,,
03/23/2021,2174,Selangor,2,,0.044930844,,,,,,,,,,,,,,,,,,,,,,,,,,,
03/24/2021,4224,Selangor,2,,0.087298935,,,,,,,,,,,,,,,,,,,,,,,,,,,
03/25/2021,6355,Selangor,2,,0.131341082,,,,,,,,,,,,,,,,,,,,,,,,,,,
03/26/2021,8663,Selangor,2,,0.179041353,,,,,,,,,,,,,,,,,,,,,,,,,,,
03/27/2021,11370,Selangor,2,,0.2349879,,,,,,,,,,,,,,,,,,,,,,,,,,,
03/28/2021,11642,Selangor,2,,0.240609423,,,,,,,,,,,,,,,,,,,,,,,,,,,
03/29/2021,14957,Selangor,2,,0.309121726,,,,,,,,,,,,,,,,,,,,,,,,,,,
03/30/2021,18720,Selangor,2,,0.386893007,,,,,,,,,,,,,,,,,,,,,,,,,,,
03/31/2021,23515,Selangor,2,,0.485993006,,,,,,,,,,,,,,,,,,,,,,,,,,,
4/01/2021,28616,Selangor,2,,0.591417217,,,,,,,,,,,,,,,,,,,,,,,,,,,
4/02/2021,32258,Selangor,2,,0.666687747,,,,,,,,,,,,,,,,,,,,,,,,,,,
4/03/2021,34716,Selangor,2,,0.717488122,,,,,,,,,,,,,,,,,,,,,,,,,,,
4/04/2021,35255,Selangor,2,,0.72862783,,,,,,,,,,,,,,,,,,,,,,,,,,,
4/05/2021,38018,Selangor,2,,0.78573175,,,,,,,,,,,,,,,,,,,,,,,,,,,
4/06/2021,41043,Selangor,2,,0.848250518,,,,,,,,,,,,,,,,,,,,,,,,,,,
4/07/2021,44776,Selangor,2,,0.925401779,,,,,,,,,,,,,,,,,,,,,,,,,,,
4/08/2021,48493,Selangor,2,,1.002222361,,,,,,,,,,,,,,,,,,,,,,,,,,,
4/09/2021,51383,Selangor,2,,1.061951036,,,,,,,,,,,,,,,,,,,,,,,,,,,
3/03/2021,8505,Kuala Lumpur,1,,0.574220633,,,,,,,,,,,,,,,,,,,,,,,,,,,
3/04/2021,10970,Kuala Lumpur,1,,0.740646719,,,,,,,,,,,,,,,,,,,,,,,,,,,
3/05/2021,11266,Kuala Lumpur,1,,0.760631352,,,,,,,,,,,,,,,,,,,,,,,,,,,
3/06/2021,11266,Kuala Lumpur,1,,0.760631352,,,,,,,,,,,,,,,,,,,,,,,,,,,
3/07/2021,11267,Kuala Lumpur,1,,0.760698868,,,,,,,,,,,,,,,,,,,,,,,,,,,
3/08/2021,13681,Kuala Lumpur,1,,0.923681656,,,,,,,,,,,,,,,,,,,,,,,,,,,
3/09/2021,16887,Kuala Lumpur,1,,1.140136841,,,,,,,,,,,,,,,,,,,,,,,,,,,
3/10/2021,20510,Kuala Lumpur,1,,1.384746053,,,,,,,,,,,,,,,,,,,,,,,,,,,
3/11/2021,25190,Kuala Lumpur,1,,1.700719312,,,,,,,,,,,,,,,,,,,,,,,,,,,
3/12/2021,28244,Kuala Lumpur,1,,1.906912118,,,,,,,,,,,,,,,,,,,,,,,,,,,
03/13/2021,28244,Kuala Lumpur,1,,1.906912118,,,,,,,,,,,,,,,,,,,,,,,,,,,
03/14/2021,28244,Kuala Lumpur,1,,1.906912118,,,,,,,,,,,,,,,,,,,,,,,,,,,
03/15/2021,29937,Kuala Lumpur,1,,2.021216119,,,,,,,,,,,,,,,,,,,,,,,,,,,
03/16/2021,31740,Kuala Lumpur,1,,2.142946842,,,,,,,,,,,,,,,,,,,,,,,,,,,
03/17/2021,33500,Kuala Lumpur,1,,2.261774392,,,,,,,,,,,,,,,,,,,,,,,,,,,
03/18/2021,34778,Kuala Lumpur,1,,2.348059398,,,,,,,,,,,,,,,,,,,,,,,,,,,
03/19/2021,35751,Kuala Lumpur,1,,2.413752128,,,,,,,,,,,,,,,,,,,,,,,,,,,
03/20/2021,35751,Kuala Lumpur,1,,2.413752128,,,,,,,,,,,,,,,,,,,,,,,,,,,
03/21/2021,35751,Kuala Lumpur,1,,2.413752128,,,,,,,,,,,,,,,,,,,,,,,,,,,
03/22/2021,36616,Kuala Lumpur,1,,2.472153169,,,,,,,,,,,,,,,,,,,,,,,,,,,
03/23/2021,37254,Kuala Lumpur,1,,2.515228156,,,,,,,,,,,,,,,,,,,,,,,,,,,
03/24/2021,37617,Kuala Lumpur,1,,2.539736338,,,,,,,,,,,,,,,,,,,,,,,,,,,
03/25/2021,38645,Kuala Lumpur,1,,2.60914243,,,,,,,,,,,,,,,,,,,,,,,,,,,
03/26/2021,39622,Kuala Lumpur,1,,2.675105223,,,,,,,,,,,,,,,,,,,,,,,,,,,
03/27/2021,39622,Kuala Lumpur,1,,2.675105223,,,,,,,,,,,,,,,,,,,,,,,,,,,
03/28/2021,39622,Kuala Lumpur,1,,2.675105223,,,,,,,,,,,,,,,,,,,,,,,,,,,
03/29/2021,41747,Kuala Lumpur,1,,2.818575987,,,,,,,,,,,,,,,,,,,,,,,,,,,
03/30/2021,44110,Kuala Lumpur,1,,2.978115476,,,,,,,,,,,,,,,,,,,,,,,,,,,
03/31/2021,44499,Kuala Lumpur,1,,3.004379065,,,,,,,,,,,,,,,,,,,,,,,,,,,
4/01/2021,44702,Kuala Lumpur,1,,3.018084743,,,,,,,,,,,,,,,,,,,,,,,,,,,
4/02/2021,44925,Kuala Lumpur,1,,3.033140734,,,,,,,,,,,,,,,,,,,,,,,,,,,
4/03/2021,44925,Kuala Lumpur,1,,3.033140734,,,,,,,,,,,,,,,,,,,,,,,,,,,
4/04/2021,44925,Kuala Lumpur,1,,3.033140734,,,,,,,,,,,,,,,,,,,,,,,,,,,
4/05/2021,46179,Kuala Lumpur,1,,3.117805363,,,,,,,,,,,,,,,,,,,,,,,,,,,
4/06/2021,47251,Kuala Lumpur,1,,3.190182144,,,,,,,,,,,,,,,,,,,,,,,,,,,
4/07/2021,49114,Kuala Lumpur,1,,3.315963806,,,,,,,,,,,,,,,,,,,,,,,,,,,
4/08/2021,51100,Kuala Lumpur,1,,3.450049894,,,,,,,,,,,,,,,,,,,,,,,,,,,
4/09/2021,52110,Kuala Lumpur,2,,3.518240704,,,,,,,,,,,,,,,,,,,,,,,,,,,
3/03/2021,0,Kuala Lumpur,2,,0,,,,,,,,,,,,,,,,,,,,,,,,,,,
3/04/2021,0,Kuala Lumpur,2,,0,,,,,,,,,,,,,,,,,,,,,,,,,,,
3/05/2021,0,Kuala Lumpur,2,,0,,,,,,,,,,,,,,,,,,,,,,,,,,,
3/06/2021,0,Kuala Lumpur,2,,0,,,,,,,,,,,,,,,,,,,,,,,,,,,
3/07/2021,0,Kuala Lumpur,2,,0,,,,,,,,,,,,,,,,,,,,,,,,,,,
3/08/2021,0,Kuala Lumpur,2,,0,,,,,,,,,,,,,,,,,,,,,,,,,,,
3/09/2021,0,Kuala Lumpur,2,,0,,,,,,,,,,,,,,,,,,,,,,,,,,,
3/10/2021,0,Kuala Lumpur,2,,0,,,,,,,,,,,,,,,,,,,,,,,,,,,
3/11/2021,0,Kuala Lumpur,2,,0,,,,,,,,,,,,,,,,,,,,,,,,,,,
3/12/2021,0,Kuala Lumpur,2,,0,,,,,,,,,,,,,,,,,,,,,,,,,,,
03/13/2021,0,Kuala Lumpur,2,,0,,,,,,,,,,,,,,,,,,,,,,,,,,,
03/14/2021,0,Kuala Lumpur,2,,0,,,,,,,,,,,,,,,,,,,,,,,,,,,
03/15/2021,0,Kuala Lumpur,2,,0,,,,,,,,,,,,,,,,,,,,,,,,,,,
03/16/2021,0,Kuala Lumpur,2,,0,,,,,,,,,,,,,,,,,,,,,,,,,,,
03/17/2021,0,Kuala Lumpur,2,,0,,,,,,,,,,,,,,,,,,,,,,,,,,,
03/18/2021,287,Kuala Lumpur,2,,0.019376993,,,,,,,,,,,,,,,,,,,,,,,,,,,
03/19/2021,565,Kuala Lumpur,2,,0.038146344,,,,,,,,,,,,,,,,,,,,,,,,,,,
03/20/2021,565,Kuala Lumpur,2,,0.038146344,,,,,,,,,,,,,,,,,,,,,,,,,,,
03/21/2021,565,Kuala Lumpur,2,,0.038146344,,,,,,,,,,,,,,,,,,,,,,,,,,,
03/22/2021,2722,Kuala Lumpur,2,,0.183777609,,,,,,,,,,,,,,,,,,,,,,,,,,,
03/23/2021,4894,Kuala Lumpur,2,,0.330421608,,,,,,,,,,,,,,,,,,,,,,,,,,,
03/24/2021,7769,Kuala Lumpur,2,,0.524529112,,,,,,,,,,,,,,,,,,,,,,,,,,,
03/25/2021,10662,Kuala Lumpur,2,,0.719851898,,,,,,,,,,,,,,,,,,,,,,,,,,,
03/26/2021,10890,Kuala Lumpur,2,,0.735245467,,,,,,,,,,,,,,,,,,,,,,,,,,,
03/27/2021,10890,Kuala Lumpur,2,,0.735245467,,,,,,,,,,,,,,,,,,,,,,,,,,,
03/28/2021,10890,Kuala Lumpur,2,,0.735245467,,,,,,,,,,,,,,,,,,,,,,,,,,,
03/29/2021,13040,Kuala Lumpur,2,,0.880404122,,,,,,,,,,,,,,,,,,,,,,,,,,,
03/30/2021,15520,Kuala Lumpur,2,,1.047842942,,,,,,,,,,,,,,,,,,,,,,,,,,,
03/31/2021,19226,Kuala Lumpur,2,,1.298055954,,,,,,,,,,,,,,,,,,,,,,,,,,,
4/01/2021,23899,Kuala Lumpur,2,,1.613556603,,,,,,,,,,,,,,,,,,,,,,,,,,,
4/02/2021,26635,Kuala Lumpur,2,,1.798279431,,,,,,,,,,,,,,,,,,,,,,,,,,,
4/03/2021,26637,Kuala Lumpur,2,,1.798414462,,,,,,,,,,,,,,,,,,,,,,,,,,,
4/04/2021,26637,Kuala Lumpur,2,,1.798414462,,,,,,,,,,,,,,,,,,,,,,,,,,,
4/05/2021,28005,Kuala Lumpur,2,,1.890775876,,,,,,,,,,,,,,,,,,,,,,,,,,,
4/06/2021,29341,Kuala Lumpur,2,,1.980976789,,,,,,,,,,,,,,,,,,,,,,,,,,,
4/07/2021,30421,Kuala Lumpur,2,,2.053893695,,,,,,,,,,,,,,,,,,,,,,,,,,,
4/08/2021,32141,Kuala Lumpur,2,,2.170020619,,,,,,,,,,,,,,,,,,,,,,,,,,,
4/09/2021,33603,Kuala Lumpur,2,,2.268728505,,,,,,,,,,,,,,,,,,,,,,,,,,,
3/03/2021,1507,Putrajaya,1,,2.647901183,,,,,,,,,,,,,,,,,,,,,,,,,,,
3/04/2021,2054,Putrajaya,1,,3.609017272,,,,,,,,,,,,,,,,,,,,,,,,,,,
3/05/2021,2290,Putrajaya,1,,4.023685274,,,,,,,,,,,,,,,,,,,,,,,,,,,
3/06/2021,2290,Putrajaya,1,,4.023685274,,,,,,,,,,,,,,,,,,,,,,,,,,,
3/07/2021,2290,Putrajaya,1,,4.023685274,,,,,,,,,,,,,,,,,,,,,,,,,,,
3/08/2021,2573,Putrajaya,1,,4.520935463,,,,,,,,,,,,,,,,,,,,,,,,,,,
3/09/2021,2941,Putrajaya,1,,5.167536415,,,,,,,,,,,,,,,,,,,,,,,,,,,
3/10/2021,3337,Putrajaya,1,,5.863335266,,,,,,,,,,,,,,,,,,,,,,,,,,,
3/11/2021,3733,Putrajaya,1,,6.559134117,,,,,,,,,,,,,,,,,,,,,,,,,,,
3/12/2021,3827,Putrajaya,1,,6.724298491,,,,,,,,,,,,,,,,,,,,,,,,,,,
03/13/2021,3827,Putrajaya,1,,6.724298491,,,,,,,,,,,,,,,,,,,,,,,,,,,
03/14/2021,3827,Putrajaya,1,,6.724298491,,,,,,,,,,,,,,,,,,,,,,,,,,,
03/15/2021,4165,Putrajaya,1,,7.318187409,,,,,,,,,,,,,,,,,,,,,,,,,,,
03/16/2021,4383,Putrajaya,1,,7.70122819,,,,,,,,,,,,,,,,,,,,,,,,,,,
03/17/2021,4611,Putrajaya,1,,8.10183965,,,,,,,,,,,,,,,,,,,,,,,,,,,
03/18/2021,4601,Putrajaya,1,,8.084268972,,,,,,,,,,,,,,,,,,,,,,,,,,,
03/19/2021,4601,Putrajaya,1,,8.084268972,,,,,,,,,,,,,,,,,,,,,,,,,,,
03/20/2021,4601,Putrajaya,1,,8.084268972,,,,,,,,,,,,,,,,,,,,,,,,,,,
03/21/2021,4601,Putrajaya,1,,8.084268972,,,,,,,,,,,,,,,,,,,,,,,,,,,
03/22/2021,4605,Putrajaya,1,,8.091297243,,,,,,,,,,,,,,,,,,,,,,,,,,,
03/23/2021,4612,Putrajaya,1,,8.103596718,,,,,,,,,,,,,,,,,,,,,,,,,,,
03/24/2021,4621,Putrajaya,1,,8.119410328,,,,,,,,,,,,,,,,,,,,,,,,,,,
03/25/2021,4622,Putrajaya,1,,8.121167396,,,,,,,,,,,,,,,,,,,,,,,,,,,
03/26/2021,4695,Putrajaya,1,,8.249433346,,,,,,,,,,,,,,,,,,,,,,,,,,,
03/27/2021,4695,Putrajaya,1,,8.249433346,,,,,,,,,,,,,,,,,,,,,,,,,,,
03/28/2021,4695,Putrajaya,1,,8.249433346,,,,,,,,,,,,,,,,,,,,,,,,,,,
03/29/2021,4863,Putrajaya,1,,8.544620737,,,,,,,,,,,,,,,,,,,,,,,,,,,
03/30/2021,4867,Putrajaya,1,,8.551649008,,,,,,,,,,,,,,,,,,,,,,,,,,,
03/31/2021,4873,Putrajaya,1,,8.562191415,,,,,,,,,,,,,,,,,,,,,,,,,,,
4/01/2021,5233,Putrajaya,1,,9.194735825,,,,,,,,,,,,,,,,,,,,,,,,,,,
4/02/2021,5420,Putrajaya,1,,9.523307504,,,,,,,,,,,,,,,,,,,,,,,,,,,
4/03/2021,5420,Putrajaya,1,,9.523307504,,,,,,,,,,,,,,,,,,,,,,,,,,,
4/04/2021,5421,Putrajaya,1,,9.525064572,,,,,,,,,,,,,,,,,,,,,,,,,,,
4/05/2021,5684,Putrajaya,1,,9.987173405,,,,,,,,,,,,,,,,,,,,,,,,,,,
4/06/2021,5899,Putrajaya,1,,10.36494298,,,,,,,,,,,,,,,,,,,,,,,,,,,
4/07/2021,6204,Putrajaya,1,,10.90084866,,,,,,,,,,,,,,,,,,,,,,,,,,,
4/08/2021,6767,Putrajaya,1,,11.89007784,,,,,,,,,,,,,,,,,,,,,,,,,,,
4/09/2021,7222,Putrajaya,1,,12.68954369,,,,,,,,,,,,,,,,,,,,,,,,,,,
3/03/2021,0,Putrajaya,2,,0,,,,,,,,,,,,,,,,,,,,,,,,,,,
3/04/2021,0,Putrajaya,2,,0,,,,,,,,,,,,,,,,,,,,,,,,,,,
3/05/2021,0,Putrajaya,2,,0,,,,,,,,,,,,,,,,,,,,,,,,,,,
3/06/2021,0,Putrajaya,2,,0,,,,,,,,,,,,,,,,,,,,,,,,,,,
3/07/2021,0,Putrajaya,2,,0,,,,,,,,,,,,,,,,,,,,,,,,,,,
3/08/2021,0,Putrajaya,2,,0,,,,,,,,,,,,,,,,,,,,,,,,,,,
3/09/2021,0,Putrajaya,2,,0,,,,,,,,,,,,,,,,,,,,,,,,,,,
3/10/2021,0,Putrajaya,2,,0,,,,,,,,,,,,,,,,,,,,,,,,,,,
3/11/2021,0,Putrajaya,2,,0,,,,,,,,,,,,,,,,,,,,,,,,,,,
3/12/2021,0,Putrajaya,2,,0,,,,,,,,,,,,,,,,,,,,,,,,,,,
03/13/2021,0,Putrajaya,2,,0,,,,,,,,,,,,,,,,,,,,,,,,,,,
03/14/2021,0,Putrajaya,2,,0,,,,,,,,,,,,,,,,,,,,,,,,,,,
03/15/2021,0,Putrajaya,2,,0,,,,,,,,,,,,,,,,,,,,,,,,,,,
03/16/2021,0,Putrajaya,2,,0,,,,,,,,,,,,,,,,,,,,,,,,,,,
03/17/2021,0,Putrajaya,2,,0,,,,,,,,,,,,,,,,,,,,,,,,,,,
03/18/2021,66,Putrajaya,2,,0.115966475,,,,,,,,,,,,,,,,,,,,,,,,,,,
03/19/2021,85,Putrajaya,2,,0.149350763,,,,,,,,,,,,,,,,,,,,,,,,,,,
03/20/2021,85,Putrajaya,2,,0.149350763,,,,,,,,,,,,,,,,,,,,,,,,,,,
03/21/2021,85,Putrajaya,2,,0.149350763,,,,,,,,,,,,,,,,,,,,,,,,,,,
03/22/2021,519,Putrajaya,2,,0.911918191,,,,,,,,,,,,,,,,,,,,,,,,,,,
03/23/2021,991,Putrajaya,2,,1.741254195,,,,,,,,,,,,,,,,,,,,,,,,,,,
03/24/2021,1469,Putrajaya,2,,2.581132606,,,,,,,,,,,,,,,,,,,,,,,,,,,
03/25/2021,2010,Putrajaya,2,,3.531706289,,,,,,,,,,,,,,,,,,,,,,,,,,,
03/26/2021,2234,Putrajaya,2,,3.925289477,,,,,,,,,,,,,,,,,,,,,,,,,,,
03/27/2021,2234,Putrajaya,2,,3.925289477,,,,,,,,,,,,,,,,,,,,,,,,,,,
03/28/2021,2234,Putrajaya,2,,3.925289477,,,,,,,,,,,,,,,,,,,,,,,,,,,
03/29/2021,2528,Putrajaya,2,,4.441867412,,,,,,,,,,,,,,,,,,,,,,,,,,,
03/30/2021,2894,Putrajaya,2,,5.084954228,,,,,,,,,,,,,,,,,,,,,,,,,,,
03/31/2021,3295,Putrajaya,2,,5.789538418,,,,,,,,,,,,,,,,,,,,,,,,,,,
4/01/2021,3682,Putrajaya,2,,6.469523659,,,,,,,,,,,,,,,,,,,,,,,,,,,
4/02/2021,3774,Putrajaya,2,,6.631173897,,,,,,,,,,,,,,,,,,,,,,,,,,,
4/03/2021,3774,Putrajaya,2,,6.631173897,,,,,,,,,,,,,,,,,,,,,,,,,,,
4/04/2021,3774,Putrajaya,2,,6.631173897,,,,,,,,,,,,,,,,,,,,,,,,,,,
4/05/2021,4115,Putrajaya,2,,7.230334019,,,,,,,,,,,,,,,,,,,,,,,,,,,
4/06/2021,4325,Putrajaya,2,,7.599318258,,,,,,,,,,,,,,,,,,,,,,,,,,,
4/07/2021,4535,Putrajaya,2,,7.968302497,,,,,,,,,,,,,,,,,,,,,,,,,,,
4/08/2021,4541,Putrajaya,2,,7.978844904,,,,,,,,,,,,,,,,,,,,,,,,,,,
4/09/2021,4541,Putrajaya,2,,7.978844904,,,,,,,,,,,,,,,,,,,,,,,,,,,
3/03/2021,3101,Negeri Sembilan,1,,0.364441937,,,,,,,,,,,,,,,,,,,,,,,,,,,
3/04/2021,4332,Negeri Sembilan,1,,0.509113987,,,,,,,,,,,,,,,,,,,,,,,,,,,
3/05/2021,4864,Negeri Sembilan,1,,0.571636757,,,,,,,,,,,,,,,,,,,,,,,,,,,
3/06/2021,4864,Negeri Sembilan,1,,0.571636757,,,,,,,,,,,,,,,,,,,,,,,,,,,
3/07/2021,4864,Negeri Sembilan,1,,0.571636757,,,,,,,,,,,,,,,,,,,,,,,,,,,
3/08/2021,5981,Negeri Sembilan,1,,0.70291107,,,,,,,,,,,,,,,,,,,,,,,,,,,
3/09/2021,8385,Negeri Sembilan,1,,0.985438776,,,,,,,,,,,,,,,,,,,,,,,,,,,
3/10/2021,10741,Negeri Sembilan,1,,1.26232533,,,,,,,,,,,,,,,,,,,,,,,,,,,
3/11/2021,10801,Negeri Sembilan,1,,1.26937677,,,,,,,,,,,,,,,,,,,,,,,,,,,
3/12/2021,12197,Negeri Sembilan,1,,1.43344028,,,,,,,,,,,,,,,,,,,,,,,,,,,
03/13/2021,12209,Negeri Sembilan,1,,1.434850568,,,,,,,,,,,,,,,,,,,,,,,,,,,
03/14/2021,12209,Negeri Sembilan,1,,1.434850568,,,,,,,,,,,,,,,,,,,,,,,,,,,
03/15/2021,12865,Negeri Sembilan,1,,1.511946315,,,,,,,,,,,,,,,,,,,,,,,,,,,
03/16/2021,14489,Negeri Sembilan,1,,1.702805298,,,,,,,,,,,,,,,,,,,,,,,,,,,
03/17/2021,15958,Negeri Sembilan,1,,1.87544806,,,,,,,,,,,,,,,,,,,,,,,,,,,
03/18/2021,17006,Negeri Sembilan,1,,1.998613217,,,,,,,,,,,,,,,,,,,,,,,,,,,
03/19/2021,17279,Negeri Sembilan,1,,2.03069727,,,,,,,,,,,,,,,,,,,,,,,,,,,
03/20/2021,17279,Negeri Sembilan,1,,2.03069727,,,,,,,,,,,,,,,,,,,,,,,,,,,
03/21/2021,17279,Negeri Sembilan,1,,2.03069727,,,,,,,,,,,,,,,,,,,,,,,,,,,
03/22/2021,17884,Negeri Sembilan,1,,2.101799293,,,,,,,,,,,,,,,,,,,,,,,,,,,
03/23/2021,19639,Negeri Sembilan,1,,2.30805392,,,,,,,,,,,,,,,,,,,,,,,,,,,
03/24/2021,21017,Negeri Sembilan,1,,2.470001998,,,,,,,,,,,,,,,,,,,,,,,,,,,
03/25/2021,21833,Negeri Sembilan,1,,2.565901585,,,,,,,,,,,,,,,,,,,,,,,,,,,
03/26/2021,22212,Negeri Sembilan,1,,2.610443183,,,,,,,,,,,,,,,,,,,,,,,,,,,
03/27/2021,22212,Negeri Sembilan,1,,2.610443183,,,,,,,,,,,,,,,,,,,,,,,,,,,
03/28/2021,22212,Negeri Sembilan,1,,2.610443183,,,,,,,,,,,,,,,,,,,,,,,,,,,
03/29/2021,22451,Negeri Sembilan,1,,2.63853142,,,,,,,,,,,,,,,,,,,,,,,,,,,
03/30/2021,22936,Negeri Sembilan,1,,2.695530562,,,,,,,,,,,,,,,,,,,,,,,,,,,
03/31/2021,23325,Negeri Sembilan,1,,2.7412474,,,,,,,,,,,,,,,,,,,,,,,,,,,
4/01/2021,24690,Negeri Sembilan,1,,2.901667666,,,,,,,,,,,,,,,,,,,,,,,,,,,
4/02/2021,24867,Negeri Sembilan,1,,2.922469414,,,,,,,,,,,,,,,,,,,,,,,,,,,
4/03/2021,24874,Negeri Sembilan,1,,2.923292082,,,,,,,,,,,,,,,,,,,,,,,,,,,
4/04/2021,24874,Negeri Sembilan,1,,2.923292082,,,,,,,,,,,,,,,,,,,,,,,,,,,
4/05/2021,25248,Negeri Sembilan,1,,2.96724606,,,,,,,,,,,,,,,,,,,,,,,,,,,
4/06/2021,26841,Negeri Sembilan,1,,3.154461799,,,,,,,,,,,,,,,,,,,,,,,,,,,
4/07/2021,27988,Negeri Sembilan,1,,3.289261832,,,,,,,,,,,,,,,,,,,,,,,,,,,
4/08/2021,29263,Negeri Sembilan,1,,3.439104937,,,,,,,,,,,,,,,,,,,,,,,,,,,
4/09/2021,29765,Negeri Sembilan,1,,3.498101987,,,,,,,,,,,,,,,,,,,,,,,,,,,
3/03/2021,0,Negeri Sembilan,2,,0,,,,,,,,,,,,,,,,,,,,,,,,,,,
3/04/2021,0,Negeri Sembilan,2,,0,,,,,,,,,,,,,,,,,,,,,,,,,,,
3/05/2021,0,Negeri Sembilan,2,,0,,,,,,,,,,,,,,,,,,,,,,,,,,,
3/06/2021,0,Negeri Sembilan,2,,0,,,,,,,,,,,,,,,,,,,,,,,,,,,
3/07/2021,0,Negeri Sembilan,2,,0,,,,,,,,,,,,,,,,,,,,,,,,,,,
3/08/2021,0,Negeri Sembilan,2,,0,,,,,,,,,,,,,,,,,,,,,,,,,,,
3/09/2021,0,Negeri Sembilan,2,,0,,,,,,,,,,,,,,,,,,,,,,,,,,,
3/10/2021,0,Negeri Sembilan,2,,0,,,,,,,,,,,,,,,,,,,,,,,,,,,
3/11/2021,0,Negeri Sembilan,2,,0,,,,,,,,,,,,,,,,,,,,,,,,,,,
3/12/2021,0,Negeri Sembilan,2,,0,,,,,,,,,,,,,,,,,,,,,,,,,,,
03/13/2021,0,Negeri Sembilan,2,,0,,,,,,,,,,,,,,,,,,,,,,,,,,,
03/14/2021,0,Negeri Sembilan,2,,0,,,,,,,,,,,,,,,,,,,,,,,,,,,
03/15/2021,0,Negeri Sembilan,2,,0,,,,,,,,,,,,,,,,,,,,,,,,,,,
03/16/2021,0,Negeri Sembilan,2,,0,,,,,,,,,,,,,,,,,,,,,,,,,,,
03/17/2021,0,Negeri Sembilan,2,,0,,,,,,,,,,,,,,,,,,,,,,,,,,,
03/18/2021,0,Negeri Sembilan,2,,0,,,,,,,,,,,,,,,,,,,,,,,,,,,
03/19/2021,0,Negeri Sembilan,2,,0,,,,,,,,,,,,,,,,,,,,,,,,,,,
03/20/2021,0,Negeri Sembilan,2,,0,,,,,,,,,,,,,,,,,,,,,,,,,,,
03/21/2021,0,Negeri Sembilan,2,,0,,,,,,,,,,,,,,,,,,,,,,,,,,,
03/22/2021,530,Negeri Sembilan,2,,0.062287722,,,,,,,,,,,,,,,,,,,,,,,,,,,
03/23/2021,1802,Negeri Sembilan,2,,0.211778256,,,,,,,,,,,,,,,,,,,,,,,,,,,
03/24/2021,2942,Negeri Sembilan,2,,0.345755621,,,,,,,,,,,,,,,,,,,,,,,,,,,
03/25/2021,4140,Negeri Sembilan,2,,0.486549378,,,,,,,,,,,,,,,,,,,,,,,,,,,
03/26/2021,4643,Negeri Sembilan,2,,0.545663952,,,,,,,,,,,,,,,,,,,,,,,,,,,
03/27/2021,4643,Negeri Sembilan,2,,0.545663952,,,,,,,,,,,,,,,,,,,,,,,,,,,
03/28/2021,4643,Negeri Sembilan,2,,0.545663952,,,,,,,,,,,,,,,,,,,,,,,,,,,
03/29/2021,5900,Negeri Sembilan,2,,0.693391625,,,,,,,,,,,,,,,,,,,,,,,,,,,
03/30/2021,8233,Negeri Sembilan,2,,0.967575127,,,,,,,,,,,,,,,,,,,,,,,,,,,
03/31/2021,10539,Negeri Sembilan,2,,1.238585481,,,,,,,,,,,,,,,,,,,,,,,,,,,
4/01/2021,10620,Negeri Sembilan,2,,1.248104925,,,,,,,,,,,,,,,,,,,,,,,,,,,
4/02/2021,12029,Negeri Sembilan,2,,1.413696247,,,,,,,,,,,,,,,,,,,,,,,,,,,
4/03/2021,12041,Negeri Sembilan,2,,1.415106536,,,,,,,,,,,,,,,,,,,,,,,,,,,
4/04/2021,12041,Negeri Sembilan,2,,1.415106536,,,,,,,,,,,,,,,,,,,,,,,,,,,
4/05/2021,12921,Negeri Sembilan,2,,1.518527659,,,,,,,,,,,,,,,,,,,,,,,,,,,
4/06/2021,14049,Negeri Sembilan,2,,1.651094736,,,,,,,,,,,,,,,,,,,,,,,,,,,
4/07/2021,15565,Negeri Sembilan,2,,1.829261127,,,,,,,,,,,,,,,,,,,,,,,,,,,
4/08/2021,16850,Negeri Sembilan,2,,1.980279472,,,,,,,,,,,,,,,,,,,,,,,,,,,
4/09/2021,17160,Negeri Sembilan,2,,2.016711913,,,,,,,,,,,,,,,,,,,,,,,,,,,
3/03/2021,2752,Melaka,1,,0.392184247,,,,,,,,,,,,,,,,,,,,,,,,,,,
3/04/2021,3740,Melaka,1,,0.532982952,,,,,,,,,,,,,,,,,,,,,,,,,,,
3/05/2021,4312,Melaka,1,,0.614497991,,,,,,,,,,,,,,,,,,,,,,,,,,,
3/06/2021,4312,Melaka,1,,0.614497991,,,,,,,,,,,,,,,,,,,,,,,,,,,
3/07/2021,4312,Melaka,1,,0.614497991,,,,,,,,,,,,,,,,,,,,,,,,,,,
3/08/2021,4411,Melaka,1,,0.628606364,,,,,,,,,,,,,,,,,,,,,,,,,,,
3/09/2021,5365,Melaka,1,,0.764559769,,,,,,,,,,,,,,,,,,,,,,,,,,,
3/10/2021,6258,Melaka,1,,0.891820137,,,,,,,,,,,,,,,,,,,,,,,,,,,
3/11/2021,7126,Melaka,1,,1.015517784,,,,,,,,,,,,,,,,,,,,,,,,,,,
3/12/2021,7733,Melaka,1,,1.102020632,,,,,,,,,,,,,,,,,,,,,,,,,,,
03/13/2021,7963,Melaka,1,,1.134797659,,,,,,,,,,,,,,,,,,,,,,,,,,,
03/14/2021,7963,Melaka,1,,1.134797659,,,,,,,,,,,,,,,,,,,,,,,,,,,
03/15/2021,8251,Melaka,1,,1.175840196,,,,,,,,,,,,,,,,,,,,,,,,,,,
03/16/2021,9120,Melaka,1,,1.299680353,,,,,,,,,,,,,,,,,,,,,,,,,,,
03/17/2021,9954,Melaka,1,,1.418532701,,,,,,,,,,,,,,,,,,,,,,,,,,,
03/18/2021,10543,Melaka,1,,1.50247039,,,,,,,,,,,,,,,,,,,,,,,,,,,
03/19/2021,10716,Melaka,1,,1.527124414,,,,,,,,,,,,,,,,,,,,,,,,,,,
03/20/2021,10716,Melaka,1,,1.527124414,,,,,,,,,,,,,,,,,,,,,,,,,,,
03/21/2021,10716,Melaka,1,,1.527124414,,,,,,,,,,,,,,,,,,,,,,,,,,,
03/22/2021,10727,Melaka,1,,1.528692011,,,,,,,,,,,,,,,,,,,,,,,,,,,
03/23/2021,10875,Melaka,1,,1.549783315,,,,,,,,,,,,,,,,,,,,,,,,,,,
03/24/2021,11094,Melaka,1,,1.580992745,,,,,,,,,,,,,,,,,,,,,,,,,,,
03/25/2021,11248,Melaka,1,,1.602939102,,,,,,,,,,,,,,,,,,,,,,,,,,,
03/26/2021,11381,Melaka,1,,1.621892774,,,,,,,,,,,,,,,,,,,,,,,,,,,
03/27/2021,11672,Melaka,1,,1.663362837,,,,,,,,,,,,,,,,,,,,,,,,,,,
03/28/2021,11963,Melaka,1,,1.704832901,,,,,,,,,,,,,,,,,,,,,,,,,,,
03/29/2021,11858,Melaka,1,,1.689869476,,,,,,,,,,,,,,,,,,,,,,,,,,,
03/30/2021,12184,Melaka,1,,1.736327348,,,,,,,,,,,,,,,,,,,,,,,,,,,
03/31/2021,12906,Melaka,1,,1.83921871,,,,,,,,,,,,,,,,,,,,,,,,,,,
4/01/2021,13758,Melaka,1,,1.960636216,,,,,,,,,,,,,,,,,,,,,,,,,,,
4/02/2021,14525,Melaka,1,,2.069940474,,,,,,,,,,,,,,,,,,,,,,,,,,,
4/03/2021,14633,Melaka,1,,2.085331426,,,,,,,,,,,,,,,,,,,,,,,,,,,
4/04/2021,14633,Melaka,1,,2.085331426,,,,,,,,,,,,,,,,,,,,,,,,,,,
4/05/2021,14885,Melaka,1,,2.121243646,,,,,,,,,,,,,,,,,,,,,,,,,,,
4/06/2021,15117,Melaka,1,,2.15430569,,,,,,,,,,,,,,,,,,,,,,,,,,,
4/07/2021,15731,Melaka,1,,2.2418061,,,,,,,,,,,,,,,,,,,,,,,,,,,
4/08/2021,16241,Melaka,1,,2.314485593,,,,,,,,,,,,,,,,,,,,,,,,,,,
4/09/2021,16566,Melaka,1,,2.360800957,,,,,,,,,,,,,,,,,,,,,,,,,,,
3/03/2021,0,Melaka,2,,0,,,,,,,,,,,,,,,,,,,,,,,,,,,
3/04/2021,0,Melaka,2,,0,,,,,,,,,,,,,,,,,,,,,,,,,,,
3/05/2021,0,Melaka,2,,0,,,,,,,,,,,,,,,,,,,,,,,,,,,
3/06/2021,0,Melaka,2,,0,,,,,,,,,,,,,,,,,,,,,,,,,,,
3/07/2021,0,Melaka,2,,0,,,,,,,,,,,,,,,,,,,,,,,,,,,
3/08/2021,0,Melaka,2,,0,,,,,,,,,,,,,,,,,,,,,,,,,,,
3/09/2021,0,Melaka,2,,0,,,,,,,,,,,,,,,,,,,,,,,,,,,
3/10/2021,0,Melaka,2,,0,,,,,,,,,,,,,,,,,,,,,,,,,,,
3/11/2021,0,Melaka,2,,0,,,,,,,,,,,,,,,,,,,,,,,,,,,
3/12/2021,0,Melaka,2,,0,,,,,,,,,,,,,,,,,,,,,,,,,,,
03/13/2021,0,Melaka,2,,0,,,,,,,,,,,,,,,,,,,,,,,,,,,
03/14/2021,0,Melaka,2,,0,,,,,,,,,,,,,,,,,,,,,,,,,,,
03/15/2021,0,Melaka,2,,0,,,,,,,,,,,,,,,,,,,,,,,,,,,
03/16/2021,0,Melaka,2,,0,,,,,,,,,,,,,,,,,,,,,,,,,,,
03/17/2021,0,Melaka,2,,0,,,,,,,,,,,,,,,,,,,,,,,,,,,
03/18/2021,30,Melaka,2,,0.004275264,,,,,,,,,,,,,,,,,,,,,,,,,,,
03/19/2021,187,Melaka,2,,0.026649148,,,,,,,,,,,,,,,,,,,,,,,,,,,
03/20/2021,187,Melaka,2,,0.026649148,,,,,,,,,,,,,,,,,,,,,,,,,,,
03/21/2021,187,Melaka,2,,0.026649148,,,,,,,,,,,,,,,,,,,,,,,,,,,
03/22/2021,367,Melaka,2,,0.052300733,,,,,,,,,,,,,,,,,,,,,,,,,,,
03/23/2021,1443,Melaka,2,,0.205640214,,,,,,,,,,,,,,,,,,,,,,,,,,,
03/24/2021,2545,Melaka,2,,0.362684923,,,,,,,,,,,,,,,,,,,,,,,,,,,
03/25/2021,3544,Melaka,2,,0.505051225,,,,,,,,,,,,,,,,,,,,,,,,,,,
03/26/2021,4103,Melaka,2,,0.58471365,,,,,,,,,,,,,,,,,,,,,,,,,,,
03/27/2021,4103,Melaka,2,,0.58471365,,,,,,,,,,,,,,,,,,,,,,,,,,,
03/28/2021,4103,Melaka,2,,0.58471365,,,,,,,,,,,,,,,,,,,,,,,,,,,
03/29/2021,4212,Melaka,2,,0.60024711,,,,,,,,,,,,,,,,,,,,,,,,,,,
03/30/2021,5127,Melaka,2,,0.730642672,,,,,,,,,,,,,,,,,,,,,,,,,,,
03/31/2021,6024,Melaka,2,,0.858473075,,,,,,,,,,,,,,,,,,,,,,,,,,,
4/01/2021,6857,Melaka,2,,0.977182914,,,,,,,,,,,,,,,,,,,,,,,,,,,
4/02/2021,7484,Melaka,2,,1.066535939,,,,,,,,,,,,,,,,,,,,,,,,,,,
4/03/2021,7712,Melaka,2,,1.099027947,,,,,,,,,,,,,,,,,,,,,,,,,,,
4/04/2021,7712,Melaka,2,,1.099027947,,,,,,,,,,,,,,,,,,,,,,,,,,,
4/05/2021,8027,Melaka,2,,1.143918223,,,,,,,,,,,,,,,,,,,,,,,,,,,
4/06/2021,8868,Melaka,2,,1.263768132,,,,,,,,,,,,,,,,,,,,,,,,,,,
4/07/2021,9663,Melaka,2,,1.377062637,,,,,,,,,,,,,,,,,,,,,,,,,,,
4/08/2021,10230,Melaka,2,,1.457865133,,,,,,,,,,,,,,,,,,,,,,,,,,,
4/09/2021,10419,Melaka,2,,1.484799298,,,,,,,,,,,,,,,,,,,,,,,,,,,
3/03/2021,7725,Kelantan,1,,0.624356953,,,,,,,,,,,,,,,,,,,,,,,,,,,
3/04/2021,10941,Kelantan,1,,0.88428342,,,,,,,,,,,,,,,,,,,,,,,,,,,
3/05/2021,11680,Kelantan,1,,0.944011548,,,,,,,,,,,,,,,,,,,,,,,,,,,
3/06/2021,11680,Kelantan,1,,0.944011548,,,,,,,,,,,,,,,,,,,,,,,,,,,
3/07/2021,11927,Kelantan,1,,0.963974806,,,,,,,,,,,,,,,,,,,,,,,,,,,
3/08/2021,13149,Kelantan,1,,1.062740398,,,,,,,,,,,,,,,,,,,,,,,,,,,
3/09/2021,14185,Kelantan,1,,1.146472929,,,,,,,,,,,,,,,,,,,,,,,,,,,
3/10/2021,14982,Kelantan,1,,1.210888785,,,,,,,,,,,,,,,,,,,,,,,,,,,
3/11/2021,15339,Kelantan,1,,1.239742563,,,,,,,,,,,,,,,,,,,,,,,,,,,
3/12/2021,15339,Kelantan,1,,1.239742563,,,,,,,,,,,,,,,,,,,,,,,,,,,
03/13/2021,15339,Kelantan,1,,1.239742563,,,,,,,,,,,,,,,,,,,,,,,,,,,
03/14/2021,15411,Kelantan,1,,1.245561812,,,,,,,,,,,,,,,,,,,,,,,,,,,
03/15/2021,15877,Kelantan,1,,1.283225287,,,,,,,,,,,,,,,,,,,,,,,,,,,
03/16/2021,16541,Kelantan,1,,1.336891696,,,,,,,,,,,,,,,,,,,,,,,,,,,
03/17/2021,17904,Kelantan,1,,1.447053318,,,,,,,,,,,,,,,,,,,,,,,,,,,
03/18/2021,18617,Kelantan,1,,1.50468005,,,,,,,,,,,,,,,,,,,,,,,,,,,
03/19/2021,18617,Kelantan,1,,1.50468005,,,,,,,,,,,,,,,,,,,,,,,,,,,
03/20/2021,18977,Kelantan,1,,1.533776297,,,,,,,,,,,,,,,,,,,,,,,,,,,
03/21/2021,19339,Kelantan,1,,1.563034189,,,,,,,,,,,,,,,,,,,,,,,,,,,
03/22/2021,19716,Kelantan,1,,1.593504425,,,,,,,,,,,,,,,,,,,,,,,,,,,
03/23/2021,19734,Kelantan,1,,1.594959237,,,,,,,,,,,,,,,,,,,,,,,,,,,
03/24/2021,19755,Kelantan,1,,1.596656518,,,,,,,,,,,,,,,,,,,,,,,,,,,
03/25/2021,19802,Kelantan,1,,1.600455195,,,,,,,,,,,,,,,,,,,,,,,,,,,
03/26/2021,19812,Kelantan,1,,1.601263424,,,,,,,,,,,,,,,,,,,,,,,,,,,
03/27/2021,19812,Kelantan,1,,1.601263424,,,,,,,,,,,,,,,,,,,,,,,,,,,
03/28/2021,19815,Kelantan,1,,1.601505892,,,,,,,,,,,,,,,,,,,,,,,,,,,
03/29/2021,20873,Kelantan,1,,1.687016527,,,,,,,,,,,,,,,,,,,,,,,,,,,
03/30/2021,21589,Kelantan,1,,1.744885729,,,,,,,,,,,,,,,,,,,,,,,,,,,
03/31/2021,22149,Kelantan,1,,1.790146556,,,,,,,,,,,,,,,,,,,,,,,,,,,
4/01/2021,22596,Kelantan,1,,1.826274395,,,,,,,,,,,,,,,,,,,,,,,,,,,
4/02/2021,22680,Kelantan,1,,1.83306352,,,,,,,,,,,,,,,,,,,,,,,,,,,
4/03/2021,22680,Kelantan,1,,1.83306352,,,,,,,,,,,,,,,,,,,,,,,,,,,
4/04/2021,22717,Kelantan,1,,1.836053967,,,,,,,,,,,,,,,,,,,,,,,,,,,
4/05/2021,23470,Kelantan,1,,1.896913616,,,,,,,,,,,,,,,,,,,,,,,,,,,
4/06/2021,24537,Kelantan,1,,1.983151657,,,,,,,,,,,,,,,,,,,,,,,,,,,
4/07/2021,24882,Kelantan,1,,2.01103556,,,,,,,,,,,,,,,,,,,,,,,,,,,
4/08/2021,25293,Kelantan,1,,2.044253774,,,,,,,,,,,,,,,,,,,,,,,,,,,
4/09/2021,25293,Kelantan,1,,2.044253774,,,,,,,,,,,,,,,,,,,,,,,,,,,
3/03/2021,0,Kelantan,2,,0,,,,,,,,,,,,,,,,,,,,,,,,,,,
3/04/2021,0,Kelantan,2,,0,,,,,,,,,,,,,,,,,,,,,,,,,,,
3/05/2021,0,Kelantan,2,,0,,,,,,,,,,,,,,,,,,,,,,,,,,,
3/06/2021,0,Kelantan,2,,0,,,,,,,,,,,,,,,,,,,,,,,,,,,
3/07/2021,0,Kelantan,2,,0,,,,,,,,,,,,,,,,,,,,,,,,,,,
3/08/2021,0,Kelantan,2,,0,,,,,,,,,,,,,,,,,,,,,,,,,,,
3/09/2021,0,Kelantan,2,,0,,,,,,,,,,,,,,,,,,,,,,,,,,,
3/10/2021,0,Kelantan,2,,0,,,,,,,,,,,,,,,,,,,,,,,,,,,
3/11/2021,0,Kelantan,2,,0,,,,,,,,,,,,,,,,,,,,,,,,,,,
3/12/2021,0,Kelantan,2,,0,,,,,,,,,,,,,,,,,,,,,,,,,,,
03/13/2021,0,Kelantan,2,,0,,,,,,,,,,,,,,,,,,,,,,,,,,,
03/14/2021,0,Kelantan,2,,0,,,,,,,,,,,,,,,,,,,,,,,,,,,
03/15/2021,0,Kelantan,2,,0,,,,,,,,,,,,,,,,,,,,,,,,,,,
03/16/2021,0,Kelantan,2,,0,,,,,,,,,,,,,,,,,,,,,,,,,,,
03/17/2021,0,Kelantan,2,,0,,,,,,,,,,,,,,,,,,,,,,,,,,,
03/18/2021,1,Kelantan,2,,8.08229E-05,,,,,,,,,,,,,,,,,,,,,,,,,,,
03/19/2021,1,Kelantan,2,,8.08229E-05,,,,,,,,,,,,,,,,,,,,,,,,,,,
03/20/2021,0,Kelantan,2,,0,,,,,,,,,,,,,,,,,,,,,,,,,,,
03/21/2021,148,Kelantan,2,,0.01196179,,,,,,,,,,,,,,,,,,,,,,,,,,,
03/22/2021,1879,Kelantan,2,,0.151866241,,,,,,,,,,,,,,,,,,,,,,,,,,,
03/23/2021,4647,Kelantan,2,,0.375584047,,,,,,,,,,,,,,,,,,,,,,,,,,,
03/24/2021,7922,Kelantan,2,,0.640279065,,,,,,,,,,,,,,,,,,,,,,,,,,,
03/25/2021,10726,Kelantan,2,,0.866906495,,,,,,,,,,,,,,,,,,,,,,,,,,,
03/26/2021,11411,Kelantan,2,,0.922270186,,,,,,,,,,,,,,,,,,,,,,,,,,,
03/27/2021,11411,Kelantan,2,,0.922270186,,,,,,,,,,,,,,,,,,,,,,,,,,,
03/28/2021,11604,Kelantan,2,,0.937869007,,,,,,,,,,,,,,,,,,,,,,,,,,,
03/29/2021,13438,Kelantan,2,,1.086098218,,,,,,,,,,,,,,,,,,,,,,,,,,,
03/30/2021,14457,Kelantan,2,,1.168456759,,,,,,,,,,,,,,,,,,,,,,,,,,,
03/31/2021,15234,Kelantan,2,,1.231256158,,,,,,,,,,,,,,,,,,,,,,,,,,,
4/01/2021,15618,Kelantan,2,,1.262292154,,,,,,,,,,,,,,,,,,,,,,,,,,,
4/02/2021,15618,Kelantan,2,,1.262292154,,,,,,,,,,,,,,,,,,,,,,,,,,,
4/03/2021,15618,Kelantan,2,,1.262292154,,,,,,,,,,,,,,,,,,,,,,,,,,,
4/04/2021,15703,Kelantan,2,,1.269162101,,,,,,,,,,,,,,,,,,,,,,,,,,,
4/05/2021,16192,Kelantan,2,,1.308684502,,,,,,,,,,,,,,,,,,,,,,,,,,,
4/06/2021,16850,Kelantan,2,,1.361865975,,,,,,,,,,,,,,,,,,,,,,,,,,,
4/07/2021,18233,Kelantan,2,,1.473644054,,,,,,,,,,,,,,,,,,,,,,,,,,,
4/08/2021,18951,Kelantan,2,,1.531674901,,,,,,,,,,,,,,,,,,,,,,,,,,,
4/09/2021,18951,Kelantan,2,,1.531674901,,,,,,,,,,,,,,,,,,,,,,,,,,,
3/03/2021,4566,Terengganu,1,,0.542385284,,,,,,,,,,,,,,,,,,,,,,,,,,,
3/04/2021,4570,Terengganu,1,,0.542860435,,,,,,,,,,,,,,,,,,,,,,,,,,,
3/05/2021,4572,Terengganu,1,,0.543098011,,,,,,,,,,,,,,,,,,,,,,,,,,,
3/06/2021,4675,Terengganu,1,,0.555333158,,,,,,,,,,,,,,,,,,,,,,,,,,,
3/07/2021,6932,Terengganu,1,,0.823437316,,,,,,,,,,,,,,,,,,,,,,,,,,,
3/08/2021,9081,Terengganu,1,,1.078712387,,,,,,,,,,,,,,,,,,,,,,,,,,,
3/09/2021,11261,Terengganu,1,,1.337669881,,,,,,,,,,,,,,,,,,,,,,,,,,,
3/10/2021,13070,Terengganu,1,,1.552557086,,,,,,,,,,,,,,,,,,,,,,,,,,,
3/11/2021,13070,Terengganu,1,,1.552557086,,,,,,,,,,,,,,,,,,,,,,,,,,,
3/12/2021,13070,Terengganu,1,,1.552557086,,,,,,,,,,,,,,,,,,,,,,,,,,,
03/13/2021,13070,Terengganu,1,,1.552557086,,,,,,,,,,,,,,,,,,,,,,,,,,,
03/14/2021,14137,Terengganu,1,,1.679303713,,,,,,,,,,,,,,,,,,,,,,,,,,,
03/15/2021,14949,Terengganu,1,,1.77575944,,,,,,,,,,,,,,,,,,,,,,,,,,,
03/16/2021,15725,Terengganu,1,,1.867938805,,,,,,,,,,,,,,,,,,,,,,,,,,,
03/17/2021,15726,Terengganu,1,,1.868057593,,,,,,,,,,,,,,,,,,,,,,,,,,,
03/18/2021,15726,Terengganu,1,,1.868057593,,,,,,,,,,,,,,,,,,,,,,,,,,,
03/19/2021,15726,Terengganu,1,,1.868057593,,,,,,,,,,,,,,,,,,,,,,,,,,,
03/20/2021,15726,Terengganu,1,,1.868057593,,,,,,,,,,,,,,,,,,,,,,,,,,,
03/21/2021,17377,Terengganu,1,,2.064176319,,,,,,,,,,,,,,,,,,,,,,,,,,,
03/22/2021,19090,Terengganu,1,,2.267659891,,,,,,,,,,,,,,,,,,,,,,,,,,,
03/23/2021,19698,Terengganu,1,,2.339882899,,,,,,,,,,,,,,,,,,,,,,,,,,,
03/24/2021,20055,Terengganu,1,,2.382290158,,,,,,,,,,,,,,,,,,,,,,,,,,,
03/25/2021,20503,Terengganu,1,,2.435507111,,,,,,,,,,,,,,,,,,,,,,,,,,,
03/26/2021,20503,Terengganu,1,,2.435507111,,,,,,,,,,,,,,,,,,,,,,,,,,,
03/27/2021,20503,Terengganu,1,,2.435507111,,,,,,,,,,,,,,,,,,,,,,,,,,,
03/28/2021,21403,Terengganu,1,,2.542416168,,,,,,,,,,,,,,,,,,,,,,,,,,,
03/29/2021,22622,Terengganu,1,,2.687218547,,,,,,,,,,,,,,,,,,,,,,,,,,,
03/30/2021,23304,Terengganu,1,,2.768231855,,,,,,,,,,,,,,,,,,,,,,,,,,,
03/31/2021,23887,Terengganu,1,,2.837485166,,,,,,,,,,,,,,,,,,,,,,,,,,,
4/01/2021,24516,Terengganu,1,,2.912202719,,,,,,,,,,,,,,,,,,,,,,,,,,,
4/02/2021,24516,Terengganu,1,,2.912202719,,,,,,,,,,,,,,,,,,,,,,,,,,,
4/03/2021,24516,Terengganu,1,,2.912202719,,,,,,,,,,,,,,,,,,,,,,,,,,,
4/04/2021,25167,Terengganu,1,,2.989533603,,,,,,,,,,,,,,,,,,,,,,,,,,,
4/05/2021,25828,Terengganu,1,,3.068052366,,,,,,,,,,,,,,,,,,,,,,,,,,,
4/06/2021,26180,Terengganu,1,,3.109865687,,,,,,,,,,,,,,,,,,,,,,,,,,,
4/07/2021,26428,Terengganu,1,,3.139325071,,,,,,,,,,,,,,,,,,,,,,,,,,,
4/08/2021,26557,Terengganu,1,,3.154648703,,,,,,,,,,,,,,,,,,,,,,,,,,,
4/09/2021,26557,Terengganu,1,,3.154648703,,,,,,,,,,,,,,,,,,,,,,,,,,,
3/03/2021,0,Terengganu,2,,0,,,,,,,,,,,,,,,,,,,,,,,,,,,
3/04/2021,0,Terengganu,2,,0,,,,,,,,,,,,,,,,,,,,,,,,,,,
3/05/2021,0,Terengganu,2,,0,,,,,,,,,,,,,,,,,,,,,,,,,,,
3/06/2021,0,Terengganu,2,,0,,,,,,,,,,,,,,,,,,,,,,,,,,,
3/07/2021,0,Terengganu,2,,0,,,,,,,,,,,,,,,,,,,,,,,,,,,
3/08/2021,0,Terengganu,2,,0,,,,,,,,,,,,,,,,,,,,,,,,,,,
3/09/2021,0,Terengganu,2,,0,,,,,,,,,,,,,,,,,,,,,,,,,,,
3/10/2021,0,Terengganu,2,,0,,,,,,,,,,,,,,,,,,,,,,,,,,,
3/11/2021,0,Terengganu,2,,0,,,,,,,,,,,,,,,,,,,,,,,,,,,
3/12/2021,0,Terengganu,2,,0,,,,,,,,,,,,,,,,,,,,,,,,,,,
03/13/2021,0,Terengganu,2,,0,,,,,,,,,,,,,,,,,,,,,,,,,,,
03/14/2021,0,Terengganu,2,,0,,,,,,,,,,,,,,,,,,,,,,,,,,,
03/15/2021,0,Terengganu,2,,0,,,,,,,,,,,,,,,,,,,,,,,,,,,
03/16/2021,0,Terengganu,2,,0,,,,,,,,,,,,,,,,,,,,,,,,,,,
03/17/2021,0,Terengganu,2,,0,,,,,,,,,,,,,,,,,,,,,,,,,,,
03/18/2021,0,Terengganu,2,,0,,,,,,,,,,,,,,,,,,,,,,,,,,,
03/19/2021,6,Terengganu,2,,0.000712727,,,,,,,,,,,,,,,,,,,,,,,,,,,
03/20/2021,6,Terengganu,2,,0.000712727,,,,,,,,,,,,,,,,,,,,,,,,,,,
03/21/2021,432,Terengganu,2,,0.051316347,,,,,,,,,,,,,,,,,,,,,,,,,,,
03/22/2021,442,Terengganu,2,,0.052504226,,,,,,,,,,,,,,,,,,,,,,,,,,,
03/23/2021,2406,Terengganu,2,,0.285803546,,,,,,,,,,,,,,,,,,,,,,,,,,,
03/24/2021,4601,Terengganu,2,,0.546542858,,,,,,,,,,,,,,,,,,,,,,,,,,,
03/25/2021,4649,Terengganu,2,,0.552244674,,,,,,,,,,,,,,,,,,,,,,,,,,,
03/26/2021,4649,Terengganu,2,,0.552244674,,,,,,,,,,,,,,,,,,,,,,,,,,,
03/27/2021,4649,Terengganu,2,,0.552244674,,,,,,,,,,,,,,,,,,,,,,,,,,,
03/28/2021,6809,Terengganu,2,,0.808826412,,,,,,,,,,,,,,,,,,,,,,,,,,,
03/29/2021,8984,Terengganu,2,,1.067189967,,,,,,,,,,,,,,,,,,,,,,,,,,,
03/30/2021,11219,Terengganu,2,,1.332680792,,,,,,,,,,,,,,,,,,,,,,,,,,,
03/31/2021,13039,Terengganu,2,,1.548874663,,,,,,,,,,,,,,,,,,,,,,,,,,,
4/01/2021,13237,Terengganu,2,,1.572394656,,,,,,,,,,,,,,,,,,,,,,,,,,,
4/02/2021,13237,Terengganu,2,,1.572394656,,,,,,,,,,,,,,,,,,,,,,,,,,,
4/03/2021,13237,Terengganu,2,,1.572394656,,,,,,,,,,,,,,,,,,,,,,,,,,,
4/04/2021,14224,Terengganu,2,,1.689638255,,,,,,,,,,,,,,,,,,,,,,,,,,,
4/05/2021,14987,Terengganu,2,,1.780273378,,,,,,,,,,,,,,,,,,,,,,,,,,,
4/06/2021,15787,Terengganu,2,,1.875303651,,,,,,,,,,,,,,,,,,,,,,,,,,,
4/07/2021,15793,Terengganu,2,,1.876016378,,,,,,,,,,,,,,,,,,,,,,,,,,,
4/08/2021,15805,Terengganu,2,,1.877441833,,,,,,,,,,,,,,,,,,,,,,,,,,,
4/09/2021,15805,Terengganu,2,,1.877441833,,,,,,,,,,,,,,,,,,,,,,,,,,,
3/03/2021,7415,Pahang,1,,0.60023135,,,,,,,,,,,,,,,,,,,,,,,,,,,
3/04/2021,8546,Pahang,1,,0.691783833,,,,,,,,,,,,,,,,,,,,,,,,,,,
3/05/2021,10599,Pahang,1,,0.857970611,,,,,,,,,,,,,,,,,,,,,,,,,,,
3/06/2021,13830,Pahang,1,,1.11951444,,,,,,,,,,,,,,,,,,,,,,,,,,,
3/07/2021,14473,Pahang,1,,1.171564171,,,,,,,,,,,,,,,,,,,,,,,,,,,
3/08/2021,15521,Pahang,1,,1.256397948,,,,,,,,,,,,,,,,,,,,,,,,,,,
3/09/2021,16342,Pahang,1,,1.32285647,,,,,,,,,,,,,,,,,,,,,,,,,,,
3/10/2021,17434,Pahang,1,,1.41125197,,,,,,,,,,,,,,,,,,,,,,,,,,,
3/11/2021,19314,Pahang,1,,1.563434699,,,,,,,,,,,,,,,,,,,,,,,,,,,
3/12/2021,21841,Pahang,1,,1.767990953,,,,,,,,,,,,,,,,,,,,,,,,,,,
03/13/2021,25128,Pahang,1,,2.034067885,,,,,,,,,,,,,,,,,,,,,,,,,,,
03/14/2021,25325,Pahang,1,,2.050014692,,,,,,,,,,,,,,,,,,,,,,,,,,,
03/15/2021,25525,Pahang,1,,2.066204344,,,,,,,,,,,,,,,,,,,,,,,,,,,
03/16/2021,25933,Pahang,1,,2.099231234,,,,,,,,,,,,,,,,,,,,,,,,,,,
03/17/2021,26574,Pahang,1,,2.151119069,,,,,,,,,,,,,,,,,,,,,,,,,,,
03/18/2021,27480,Pahang,1,,2.224458193,,,,,,,,,,,,,,,,,,,,,,,,,,,
03/19/2021,28977,Pahang,1,,2.345637739,,,,,,,,,,,,,,,,,,,,,,,,,,,
03/20/2021,30320,Pahang,1,,2.454351252,,,,,,,,,,,,,,,,,,,,,,,,,,,
03/21/2021,33227,Pahang,1,,2.689667845,,,,,,,,,,,,,,,,,,,,,,,,,,,
03/22/2021,33257,Pahang,1,,2.692096293,,,,,,,,,,,,,,,,,,,,,,,,,,,
03/23/2021,33317,Pahang,1,,2.696953188,,,,,,,,,,,,,,,,,,,,,,,,,,,
03/24/2021,33320,Pahang,1,,2.697196033,,,,,,,,,,,,,,,,,,,,,,,,,,,
03/25/2021,33399,Pahang,1,,2.703590946,,,,,,,,,,,,,,,,,,,,,,,,,,,
03/26/2021,33457,Pahang,1,,2.708285945,,,,,,,,,,,,,,,,,,,,,,,,,,,
03/27/2021,33463,Pahang,1,,2.708771634,,,,,,,,,,,,,,,,,,,,,,,,,,,
03/28/2021,33466,Pahang,1,,2.709014479,,,,,,,,,,,,,,,,,,,,,,,,,,,
03/29/2021,33571,Pahang,1,,2.717514047,,,,,,,,,,,,,,,,,,,,,,,,,,,
03/30/2021,33573,Pahang,1,,2.717675943,,,,,,,,,,,,,,,,,,,,,,,,,,,
03/31/2021,33588,Pahang,1,,2.718890167,,,,,,,,,,,,,,,,,,,,,,,,,,,
4/01/2021,33693,Pahang,1,,2.727389734,,,,,,,,,,,,,,,,,,,,,,,,,,,
4/02/2021,34109,Pahang,1,,2.761064211,,,,,,,,,,,,,,,,,,,,,,,,,,,
4/03/2021,34109,Pahang,1,,2.761064211,,,,,,,,,,,,,,,,,,,,,,,,,,,
4/04/2021,34758,Pahang,1,,2.813599632,,,,,,,,,,,,,,,,,,,,,,,,,,,
4/05/2021,34836,Pahang,1,,2.819913596,,,,,,,,,,,,,,,,,,,,,,,,,,,
4/06/2021,34842,Pahang,1,,2.820399285,,,,,,,,,,,,,,,,,,,,,,,,,,,
4/07/2021,35174,Pahang,1,,2.847274108,,,,,,,,,,,,,,,,,,,,,,,,,,,
4/08/2021,35469,Pahang,1,,2.871153845,,,,,,,,,,,,,,,,,,,,,,,,,,,
4/09/2021,36049,Pahang,1,,2.918103836,,,,,,,,,,,,,,,,,,,,,,,,,,,
3/03/2021,0,Pahang,2,,0,,,,,,,,,,,,,,,,,,,,,,,,,,,
3/04/2021,0,Pahang,2,,0,,,,,,,,,,,,,,,,,,,,,,,,,,,
3/05/2021,0,Pahang,2,,0,,,,,,,,,,,,,,,,,,,,,,,,,,,
3/06/2021,0,Pahang,2,,0,,,,,,,,,,,,,,,,,,,,,,,,,,,
3/07/2021,0,Pahang,2,,0,,,,,,,,,,,,,,,,,,,,,,,,,,,
3/08/2021,0,Pahang,2,,0,,,,,,,,,,,,,,,,,,,,,,,,,,,
3/09/2021,0,Pahang,2,,0,,,,,,,,,,,,,,,,,,,,,,,,,,,
3/10/2021,0,Pahang,2,,0,,,,,,,,,,,,,,,,,,,,,,,,,,,
3/11/2021,0,Pahang,2,,0,,,,,,,,,,,,,,,,,,,,,,,,,,,
3/12/2021,0,Pahang,2,,0,,,,,,,,,,,,,,,,,,,,,,,,,,,
03/13/2021,0,Pahang,2,,0,,,,,,,,,,,,,,,,,,,,,,,,,,,
03/14/2021,0,Pahang,2,,0,,,,,,,,,,,,,,,,,,,,,,,,,,,
03/15/2021,0,Pahang,2,,0,,,,,,,,,,,,,,,,,,,,,,,,,,,
03/16/2021,0,Pahang,2,,0,,,,,,,,,,,,,,,,,,,,,,,,,,,
03/17/2021,0,Pahang,2,,0,,,,,,,,,,,,,,,,,,,,,,,,,,,
03/18/2021,118,Pahang,2,,0.009551895,,,,,,,,,,,,,,,,,,,,,,,,,,,
03/19/2021,781,Pahang,2,,0.063220591,,,,,,,,,,,,,,,,,,,,,,,,,,,
03/20/2021,2549,Pahang,2,,0.206337116,,,,,,,,,,,,,,,,,,,,,,,,,,,
03/21/2021,2644,Pahang,2,,0.2140272,,,,,,,,,,,,,,,,,,,,,,,,,,,
03/22/2021,3677,Pahang,2,,0.297646753,,,,,,,,,,,,,,,,,,,,,,,,,,,
03/23/2021,5793,Pahang,2,,0.468933272,,,,,,,,,,,,,,,,,,,,,,,,,,,
03/24/2021,7162,Pahang,2,,0.57975144,,,,,,,,,,,,,,,,,,,,,,,,,,,
03/25/2021,8639,Pahang,2,,0.699312021,,,,,,,,,,,,,,,,,,,,,,,,,,,
03/26/2021,9471,Pahang,2,,0.766660973,,,,,,,,,,,,,,,,,,,,,,,,,,,
03/27/2021,12283,Pahang,2,,0.994287481,,,,,,,,,,,,,,,,,,,,,,,,,,,
03/28/2021,12889,Pahang,2,,1.043342127,,,,,,,,,,,,,,,,,,,,,,,,,,,
03/29/2021,14582,Pahang,2,,1.180387532,,,,,,,,,,,,,,,,,,,,,,,,,,,
03/30/2021,15627,Pahang,2,,1.264978464,,,,,,,,,,,,,,,,,,,,,,,,,,,
03/31/2021,16550,Pahang,2,,1.339693708,,,,,,,,,,,,,,,,,,,,,,,,,,,
4/01/2021,18507,Pahang,2,,1.498109453,,,,,,,,,,,,,,,,,,,,,,,,,,,
4/02/2021,20645,Pahang,2,,1.671176834,,,,,,,,,,,,,,,,,,,,,,,,,,,
4/03/2021,23502,Pahang,2,,1.902446014,,,,,,,,,,,,,,,,,,,,,,,,,,,
4/04/2021,23705,Pahang,2,,1.91887851,,,,,,,,,,,,,,,,,,,,,,,,,,,
4/05/2021,24373,Pahang,2,,1.972951948,,,,,,,,,,,,,,,,,,,,,,,,,,,
4/06/2021,25032,Pahang,2,,2.026296852,,,,,,,,,,,,,,,,,,,,,,,,,,,
4/07/2021,25676,Pahang,2,,2.078427531,,,,,,,,,,,,,,,,,,,,,,,,,,,
4/08/2021,26248,Pahang,2,,2.124729936,,,,,,,,,,,,,,,,,,,,,,,,,,,
4/09/2021,28110,Pahang,2,,2.275455597,,,,,,,,,,,,,,,,,,,,,,,,,,,
3/03/2021,6454,Johor,2,,0.227281371,,,,,,,,,,,,,,,,,,,,,,,,,,,
3/04/2021,8470,Johor,2,,0.298275986,,,,,,,,,,,,,,,,,,,,,,,,,,,
3/05/2021,8802,Johor,2,,0.309967559,,,,,,,,,,,,,,,,,,,,,,,,,,,
3/06/2021,9515,Johor,2,,0.33507627,,,,,,,,,,,,,,,,,,,,,,,,,,,
3/07/2021,10719,Johor,2,,0.377475832,,,,,,,,,,,,,,,,,,,,,,,,,,,
3/08/2021,13746,Johor,2,,0.484073401,,,,,,,,,,,,,,,,,,,,,,,,,,,
3/09/2021,15843,Johor,2,,0.557920478,,,,,,,,,,,,,,,,,,,,,,,,,,,
3/10/2021,17476,Johor,2,,0.615427524,,,,,,,,,,,,,,,,,,,,,,,,,,,
3/11/2021,19559,Johor,2,,0.688781583,,,,,,,,,,,,,,,,,,,,,,,,,,,
3/12/2021,20276,Johor,2,,0.714031156,,,,,,,,,,,,,,,,,,,,,,,,,,,
03/13/2021,21835,Johor,2,,0.768932249,,,,,,,,,,,,,,,,,,,,,,,,,,,
03/14/2021,22965,Johor,2,,0.808725858,,,,,,,,,,,,,,,,,,,,,,,,,,,
03/15/2021,24749,Johor,2,,0.871550458,,,,,,,,,,,,,,,,,,,,,,,,,,,
03/16/2021,26185,Johor,2,,0.922120034,,,,,,,,,,,,,,,,,,,,,,,,,,,
03/17/2021,27131,Johor,2,,0.955433976,,,,,,,,,,,,,,,,,,,,,,,,,,,
03/18/2021,28489,Johor,2,,1.003256737,,,,,,,,,,,,,,,,,,,,,,,,,,,
03/19/2021,28510,Johor,2,,1.003996264,,,,,,,,,,,,,,,,,,,,,,,,,,,
03/20/2021,29238,Johor,2,,1.029633209,,,,,,,,,,,,,,,,,,,,,,,,,,,
03/21/2021,29901,Johor,2,,1.05298114,,,,,,,,,,,,,,,,,,,,,,,,,,,
03/22/2021,30868,Johor,2,,1.087034608,,,,,,,,,,,,,,,,,,,,,,,,,,,
03/23/2021,31451,Johor,2,,1.107565293,,,,,,,,,,,,,,,,,,,,,,,,,,,
03/24/2021,32126,Johor,2,,1.131335812,,,,,,,,,,,,,,,,,,,,,,,,,,,
03/25/2021,33061,Johor,2,,1.164262381,,,,,,,,,,,,,,,,,,,,,,,,,,,
03/26/2021,33553,Johor,2,,1.181588448,,,,,,,,,,,,,,,,,,,,,,,,,,,
03/27/2021,34000,Johor,2,,1.197329814,,,,,,,,,,,,,,,,,,,,,,,,,,,
03/28/2021,35303,Johor,2,,1.243215718,,,,,,,,,,,,,,,,,,,,,,,,,,,
03/29/2021,36391,Johor,2,,1.281530272,,,,,,,,,,,,,,,,,,,,,,,,,,,
03/30/2021,36992,Johor,2,,1.302694837,,,,,,,,,,,,,,,,,,,,,,,,,,,
03/31/2021,37494,Johor,2,,1.32037306,,,,,,,,,,,,,,,,,,,,,,,,,,,
4/01/2021,39624,Johor,2,,1.395382251,,,,,,,,,,,,,,,,,,,,,,,,,,,
4/02/2021,40088,Johor,2,,1.411722281,,,,,,,,,,,,,,,,,,,,,,,,,,,
4/03/2021,40227,Johor,2,,1.416617247,,,,,,,,,,,,,,,,,,,,,,,,,,,
4/04/2021,42214,Johor,2,,1.48659061,,,,,,,,,,,,,,,,,,,,,,,,,,,
4/05/2021,43917,Johor,2,,1.546562748,,,,,,,,,,,,,,,,,,,,,,,,,,,
4/06/2021,45284,Johor,2,,1.594702449,,,,,,,,,,,,,,,,,,,,,,,,,,,
4/07/2021,47250,Johor,2,,1.663936285,,,,,,,,,,,,,,,,,,,,,,,,,,,
4/08/2021,49401,Johor,2,,1.739685004,,,,,,,,,,,,,,,,,,,,,,,,,,,
4/09/2021,49401,Johor,2,,1.739685004,,,,,,,,,,,,,,,,,,,,,,,,,,,
3/03/2021,0,Johor,2,,0,,,,,,,,,,,,,,,,,,,,,,,,,,,
3/04/2021,0,Johor,2,,0,,,,,,,,,,,,,,,,,,,,,,,,,,,
3/05/2021,0,Johor,2,,0,,,,,,,,,,,,,,,,,,,,,,,,,,,
3/06/2021,0,Johor,2,,0,,,,,,,,,,,,,,,,,,,,,,,,,,,
3/07/2021,0,Johor,2,,0,,,,,,,,,,,,,,,,,,,,,,,,,,,
3/08/2021,0,Johor,2,,0,,,,,,,,,,,,,,,,,,,,,,,,,,,
3/09/2021,0,Johor,2,,0,,,,,,,,,,,,,,,,,,,,,,,,,,,
3/10/2021,0,Johor,2,,0,,,,,,,,,,,,,,,,,,,,,,,,,,,
3/11/2021,0,Johor,2,,0,,,,,,,,,,,,,,,,,,,,,,,,,,,
3/12/2021,0,Johor,2,,0,,,,,,,,,,,,,,,,,,,,,,,,,,,
03/13/2021,0,Johor,2,,0,,,,,,,,,,,,,,,,,,,,,,,,,,,
03/14/2021,0,Johor,2,,0,,,,,,,,,,,,,,,,,,,,,,,,,,,
03/15/2021,0,Johor,2,,0,,,,,,,,,,,,,,,,,,,,,,,,,,,
03/16/2021,0,Johor,2,,0,,,,,,,,,,,,,,,,,,,,,,,,,,,
03/17/2021,0,Johor,2,,0,,,,,,,,,,,,,,,,,,,,,,,,,,,
03/18/2021,74,Johor,2,,0.002605953,,,,,,,,,,,,,,,,,,,,,,,,,,,
03/19/2021,74,Johor,2,,0.002605953,,,,,,,,,,,,,,,,,,,,,,,,,,,
03/20/2021,74,Johor,2,,0.002605953,,,,,,,,,,,,,,,,,,,,,,,,,,,
03/21/2021,810,Johor,2,,0.028524622,,,,,,,,,,,,,,,,,,,,,,,,,,,
03/22/2021,2609,Johor,2,,0.091877455,,,,,,,,,,,,,,,,,,,,,,,,,,,
03/23/2021,3271,Johor,2,,0.115190171,,,,,,,,,,,,,,,,,,,,,,,,,,,
03/24/2021,5666,Johor,2,,0.199531492,,,,,,,,,,,,,,,,,,,,,,,,,,,
03/25/2021,7955,Johor,2,,0.280139961,,,,,,,,,,,,,,,,,,,,,,,,,,,
03/26/2021,8274,Johor,2,,0.291373732,,,,,,,,,,,,,,,,,,,,,,,,,,,
03/27/2021,8935,Johor,2,,0.314651232,,,,,,,,,,,,,,,,,,,,,,,,,,,
03/28/2021,9991,Johor,2,,0.351838887,,,,,,,,,,,,,,,,,,,,,,,,,,,
03/29/2021,12661,Johor,2,,0.445864493,,,,,,,,,,,,,,,,,,,,,,,,,,,
03/30/2021,15036,Johor,2,,0.529501502,,,,,,,,,,,,,,,,,,,,,,,,,,,
03/31/2021,16497,Johor,2,,0.580951469,,,,,,,,,,,,,,,,,,,,,,,,,,,
4/01/2021,18696,Johor,2,,0.658390535,,,,,,,,,,,,,,,,,,,,,,,,,,,
4/02/2021,19423,Johor,2,,0.683992264,,,,,,,,,,,,,,,,,,,,,,,,,,,
4/03/2021,20974,Johor,2,,0.738611633,,,,,,,,,,,,,,,,,,,,,,,,,,,
4/04/2021,22138,Johor,2,,0.779602571,,,,,,,,,,,,,,,,,,,,,,,,,,,
4/05/2021,23643,Johor,2,,0.832602023,,,,,,,,,,,,,,,,,,,,,,,,,,,
4/06/2021,25155,Johor,2,,0.885847984,,,,,,,,,,,,,,,,,,,,,,,,,,,
4/07/2021,26171,Johor,2,,0.921627016,,,,,,,,,,,,,,,,,,,,,,,,,,,
4/08/2021,27323,Johor,2,,0.962195368,,,,,,,,,,,,,,,,,,,,,,,,,,,
4/09/2021,27323,Johor,2,,0.962195368,,,,,,,,,,,,,,,,,,,,,,,,,,,
3/03/2021,1898,Sabah,1,,0.064977747,,,,,,,,,,,,,,,,,,,,,,,,,,,
3/04/2021,3492,Sabah,1,,0.1195481,,,,,,,,,,,,,,,,,,,,,,,,,,,
3/05/2021,6229,Sabah,1,,0.213248887,,,,,,,,,,,,,,,,,,,,,,,,,,,
3/06/2021,9515,Sabah,1,,0.325744608,,,,,,,,,,,,,,,,,,,,,,,,,,,
3/07/2021,11739,Sabah,1,,0.401882917,,,,,,,,,,,,,,,,,,,,,,,,,,,
3/08/2021,13474,Sabah,1,,0.461280383,,,,,,,,,,,,,,,,,,,,,,,,,,,
3/09/2021,16245,Sabah,1,,0.556145156,,,,,,,,,,,,,,,,,,,,,,,,,,,
3/10/2021,18670,Sabah,1,,0.63916467,,,,,,,,,,,,,,,,,,,,,,,,,,,
3/11/2021,20411,Sabah,1,,0.698767545,,,,,,,,,,,,,,,,,,,,,,,,,,,
3/12/2021,21708,Sabah,1,,0.743170147,,,,,,,,,,,,,,,,,,,,,,,,,,,
03/13/2021,24042,Sabah,1,,0.82307429,,,,,,,,,,,,,,,,,,,,,,,,,,,
03/14/2021,26446,Sabah,1,,0.905374872,,,,,,,,,,,,,,,,,,,,,,,,,,,
03/15/2021,30433,Sabah,1,,1.041869223,,,,,,,,,,,,,,,,,,,,,,,,,,,
03/16/2021,33966,Sabah,1,,1.162820952,,,,,,,,,,,,,,,,,,,,,,,,,,,
03/17/2021,36443,Sabah,1,,1.247620678,,,,,,,,,,,,,,,,,,,,,,,,,,,
03/18/2021,38369,Sabah,1,,1.313557001,,,,,,,,,,,,,,,,,,,,,,,,,,,
03/19/2021,39331,Sabah,1,,1.346490928,,,,,,,,,,,,,,,,,,,,,,,,,,,
03/20/2021,40134,Sabah,1,,1.373981513,,,,,,,,,,,,,,,,,,,,,,,,,,,
03/21/2021,40168,Sabah,1,,1.375145498,,,,,,,,,,,,,,,,,,,,,,,,,,,
03/22/2021,40842,Sabah,1,,1.398219788,,,,,,,,,,,,,,,,,,,,,,,,,,,
03/23/2021,41125,Sabah,1,,1.407908251,,,,,,,,,,,,,,,,,,,,,,,,,,,
03/24/2021,41415,Sabah,1,,1.417836357,,,,,,,,,,,,,,,,,,,,,,,,,,,
03/25/2021,41738,Sabah,1,,1.428894214,,,,,,,,,,,,,,,,,,,,,,,,,,,
03/26/2021,41758,Sabah,1,,1.429578911,,,,,,,,,,,,,,,,,,,,,,,,,,,
03/27/2021,42018,Sabah,1,,1.438479973,,,,,,,,,,,,,,,,,,,,,,,,,,,
03/28/2021,42030,Sabah,1,,1.438890791,,,,,,,,,,,,,,,,,,,,,,,,,,,
03/29/2021,44516,Sabah,1,,1.523998631,,,,,,,,,,,,,,,,,,,,,,,,,,,
03/30/2021,44858,Sabah,1,,1.53570695,,,,,,,,,,,,,,,,,,,,,,,,,,,
03/31/2021,45185,Sabah,1,,1.546901746,,,,,,,,,,,,,,,,,,,,,,,,,,,
4/01/2021,46023,Sabah,1,,1.575590551,,,,,,,,,,,,,,,,,,,,,,,,,,,
4/02/2021,46202,Sabah,1,,1.58171859,,,,,,,,,,,,,,,,,,,,,,,,,,,
4/03/2021,46459,Sabah,1,,1.590516946,,,,,,,,,,,,,,,,,,,,,,,,,,,
4/04/2021,46562,Sabah,1,,1.594043136,,,,,,,,,,,,,,,,,,,,,,,,,,,
4/05/2021,47071,Sabah,1,,1.611468675,,,,,,,,,,,,,,,,,,,,,,,,,,,
4/06/2021,49203,Sabah,1,,1.684457378,,,,,,,,,,,,,,,,,,,,,,,,,,,
4/07/2021,50918,Sabah,1,,1.743170147,,,,,,,,,,,,,,,,,,,,,,,,,,,
4/08/2021,52322,Sabah,1,,1.791235878,,,,,,,,,,,,,,,,,,,,,,,,,,,
4/09/2021,53859,Sabah,1,,1.843854844,,,,,,,,,,,,,,,,,,,,,,,,,,,
3/03/2021,0,Sabah,2,,0,,,,,,,,,,,,,,,,,,,,,,,,,,,
3/04/2021,0,Sabah,2,,0,,,,,,,,,,,,,,,,,,,,,,,,,,,
3/05/2021,0,Sabah,2,,0,,,,,,,,,,,,,,,,,,,,,,,,,,,
3/06/2021,0,Sabah,2,,0,,,,,,,,,,,,,,,,,,,,,,,,,,,
3/07/2021,0,Sabah,2,,0,,,,,,,,,,,,,,,,,,,,,,,,,,,
3/08/2021,0,Sabah,2,,0,,,,,,,,,,,,,,,,,,,,,,,,,,,
3/09/2021,0,Sabah,2,,0,,,,,,,,,,,,,,,,,,,,,,,,,,,
3/10/2021,0,Sabah,2,,0,,,,,,,,,,,,,,,,,,,,,,,,,,,
3/11/2021,0,Sabah,2,,0,,,,,,,,,,,,,,,,,,,,,,,,,,,
3/12/2021,0,Sabah,2,,0,,,,,,,,,,,,,,,,,,,,,,,,,,,
03/13/2021,0,Sabah,2,,0,,,,,,,,,,,,,,,,,,,,,,,,,,,
03/14/2021,0,Sabah,2,,0,,,,,,,,,,,,,,,,,,,,,,,,,,,
03/15/2021,0,Sabah,2,,0,,,,,,,,,,,,,,,,,,,,,,,,,,,
03/16/2021,0,Sabah,2,,0,,,,,,,,,,,,,,,,,,,,,,,,,,,
03/17/2021,0,Sabah,2,,0,,,,,,,,,,,,,,,,,,,,,,,,,,,
03/18/2021,0,Sabah,2,,0,,,,,,,,,,,,,,,,,,,,,,,,,,,
03/19/2021,0,Sabah,2,,0,,,,,,,,,,,,,,,,,,,,,,,,,,,
03/20/2021,591,Sabah,2,,0.020232797,,,,,,,,,,,,,,,,,,,,,,,,,,,
03/21/2021,890,Sabah,2,,0.030469017,,,,,,,,,,,,,,,,,,,,,,,,,,,
03/22/2021,1167,Sabah,2,,0.039952071,,,,,,,,,,,,,,,,,,,,,,,,,,,
03/23/2021,1525,Sabah,2,,0.052208148,,,,,,,,,,,,,,,,,,,,,,,,,,,
03/24/2021,1796,Sabah,2,,0.061485793,,,,,,,,,,,,,,,,,,,,,,,,,,,
03/25/2021,3220,Sabah,2,,0.11023622,,,,,,,,,,,,,,,,,,,,,,,,,,,
03/26/2021,5450,Sabah,2,,0.186579938,,,,,,,,,,,,,,,,,,,,,,,,,,,
03/27/2021,8352,Sabah,2,,0.285929476,,,,,,,,,,,,,,,,,,,,,,,,,,,
03/28/2021,10193,Sabah,2,,0.348955837,,,,,,,,,,,,,,,,,,,,,,,,,,,
03/29/2021,14439,Sabah,2,,0.494317015,,,,,,,,,,,,,,,,,,,,,,,,,,,
03/30/2021,17218,Sabah,2,,0.589455666,,,,,,,,,,,,,,,,,,,,,,,,,,,
03/31/2021,19839,Sabah,2,,0.679185211,,,,,,,,,,,,,,,,,,,,,,,,,,,
4/01/2021,21262,Sabah,2,,0.727901404,,,,,,,,,,,,,,,,,,,,,,,,,,,
4/02/2021,22542,Sabah,2,,0.771722013,,,,,,,,,,,,,,,,,,,,,,,,,,,
4/03/2021,24737,Sabah,2,,0.846867511,,,,,,,,,,,,,,,,,,,,,,,,,,,
4/04/2021,26563,Sabah,2,,0.909380349,,,,,,,,,,,,,,,,,,,,,,,,,,,
4/05/2021,30198,Sabah,2,,1.033824033,,,,,,,,,,,,,,,,,,,,,,,,,,,
4/06/2021,33814,Sabah,2,,1.157617254,,,,,,,,,,,,,,,,,,,,,,,,,,,
4/07/2021,36956,Sabah,2,,1.265183156,,,,,,,,,,,,,,,,,,,,,,,,,,,
4/08/2021,39089,Sabah,2,,1.338206094,,,,,,,,,,,,,,,,,,,,,,,,,,,
4/09/2021,40162,Sabah,2,,1.374940089,,,,,,,,,,,,,,,,,,,,,,,,,,,
3/03/2021,1789,Labuan,1,,2.475370821,,,,,,,,,,,,,,,,,,,,,,,,,,,
3/04/2021,1939,Labuan,1,,2.68292008,,,,,,,,,,,,,,,,,,,,,,,,,,,
3/05/2021,2073,Labuan,1,,2.86833075,,,,,,,,,,,,,,,,,,,,,,,,,,,
3/06/2021,2158,Labuan,1,,2.985941997,,,,,,,,,,,,,,,,,,,,,,,,,,,
3/07/2021,2259,Labuan,1,,3.125691831,,,,,,,,,,,,,,,,,,,,,,,,,,,
3/08/2021,2259,Labuan,1,,3.125691831,,,,,,,,,,,,,,,,,,,,,,,,,,,
3/09/2021,2260,Labuan,1,,3.127075493,,,,,,,,,,,,,,,,,,,,,,,,,,,
3/10/2021,2338,Labuan,1,,3.235001107,,,,,,,,,,,,,,,,,,,,,,,,,,,
3/11/2021,2338,Labuan,1,,3.235001107,,,,,,,,,,,,,,,,,,,,,,,,,,,
3/12/2021,2342,Labuan,1,,3.240535754,,,,,,,,,,,,,,,,,,,,,,,,,,,
03/13/2021,2342,Labuan,1,,3.240535754,,,,,,,,,,,,,,,,,,,,,,,,,,,
03/14/2021,2342,Labuan,1,,3.240535754,,,,,,,,,,,,,,,,,,,,,,,,,,,
03/15/2021,2342,Labuan,1,,3.240535754,,,,,,,,,,,,,,,,,,,,,,,,,,,
03/16/2021,2342,Labuan,1,,3.240535754,,,,,,,,,,,,,,,,,,,,,,,,,,,
03/17/2021,2342,Labuan,1,,3.240535754,,,,,,,,,,,,,,,,,,,,,,,,,,,
03/18/2021,2342,Labuan,1,,3.240535754,,,,,,,,,,,,,,,,,,,,,,,,,,,
03/19/2021,2342,Labuan,1,,3.240535754,,,,,,,,,,,,,,,,,,,,,,,,,,,
03/20/2021,2343,Labuan,1,,3.241919416,,,,,,,,,,,,,,,,,,,,,,,,,,,
03/21/2021,2343,Labuan,1,,3.241919416,,,,,,,,,,,,,,,,,,,,,,,,,,,
03/22/2021,2343,Labuan,1,,3.241919416,,,,,,,,,,,,,,,,,,,,,,,,,,,
03/23/2021,2344,Labuan,1,,3.243303077,,,,,,,,,,,,,,,,,,,,,,,,,,,
03/24/2021,2345,Labuan,1,,3.244686739,,,,,,,,,,,,,,,,,,,,,,,,,,,
03/25/2021,2346,Labuan,1,,3.246070401,,,,,,,,,,,,,,,,,,,,,,,,,,,
03/26/2021,2347,Labuan,1,,3.247454062,,,,,,,,,,,,,,,,,,,,,,,,,,,
03/27/2021,2347,Labuan,1,,3.247454062,,,,,,,,,,,,,,,,,,,,,,,,,,,
03/28/2021,2347,Labuan,1,,3.247454062,,,,,,,,,,,,,,,,,,,,,,,,,,,
03/29/2021,2390,Labuan,1,,3.306951516,,,,,,,,,,,,,,,,,,,,,,,,,,,
03/30/2021,2390,Labuan,1,,3.306951516,,,,,,,,,,,,,,,,,,,,,,,,,,,
03/31/2021,2390,Labuan,1,,3.306951516,,,,,,,,,,,,,,,,,,,,,,,,,,,
4/01/2021,2499,Labuan,1,,3.457770644,,,,,,,,,,,,,,,,,,,,,,,,,,,
4/02/2021,2607,Labuan,1,,3.60720611,,,,,,,,,,,,,,,,,,,,,,,,,,,
4/03/2021,2723,Labuan,1,,3.76771087,,,,,,,,,,,,,,,,,,,,,,,,,,,
4/04/2021,2723,Labuan,1,,3.76771087,,,,,,,,,,,,,,,,,,,,,,,,,,,
4/05/2021,2805,Labuan,1,,3.881171131,,,,,,,,,,,,,,,,,,,,,,,,,,,
4/06/2021,2912,Labuan,1,,4.029222936,,,,,,,,,,,,,,,,,,,,,,,,,,,
4/07/2021,3020,Labuan,1,,4.178658402,,,,,,,,,,,,,,,,,,,,,,,,,,,
4/08/2021,3176,Labuan,1,,4.39450963,,,,,,,,,,,,,,,,,,,,,,,,,,,
4/09/2021,3331,Labuan,1,,4.608977197,,,,,,,,,,,,,,,,,,,,,,,,,,,
3/03/2021,0,Labuan,2,,0,,,,,,,,,,,,,,,,,,,,,,,,,,,
3/04/2021,0,Labuan,2,,0,,,,,,,,,,,,,,,,,,,,,,,,,,,
3/05/2021,0,Labuan,2,,0,,,,,,,,,,,,,,,,,,,,,,,,,,,
3/06/2021,0,Labuan,2,,0,,,,,,,,,,,,,,,,,,,,,,,,,,,
3/07/2021,0,Labuan,2,,0,,,,,,,,,,,,,,,,,,,,,,,,,,,
3/08/2021,0,Labuan,2,,0,,,,,,,,,,,,,,,,,,,,,,,,,,,
3/09/2021,0,Labuan,2,,0,,,,,,,,,,,,,,,,,,,,,,,,,,,
3/10/2021,0,Labuan,2,,0,,,,,,,,,,,,,,,,,,,,,,,,,,,
3/11/2021,0,Labuan,2,,0,,,,,,,,,,,,,,,,,,,,,,,,,,,
3/12/2021,0,Labuan,2,,0,,,,,,,,,,,,,,,,,,,,,,,,,,,
03/13/2021,0,Labuan,2,,0,,,,,,,,,,,,,,,,,,,,,,,,,,,
03/14/2021,0,Labuan,2,,0,,,,,,,,,,,,,,,,,,,,,,,,,,,
03/15/2021,0,Labuan,2,,0,,,,,,,,,,,,,,,,,,,,,,,,,,,
03/16/2021,0,Labuan,2,,0,,,,,,,,,,,,,,,,,,,,,,,,,,,
03/17/2021,0,Labuan,2,,0,,,,,,,,,,,,,,,,,,,,,,,,,,,
03/18/2021,1,Labuan,2,,0.001383662,,,,,,,,,,,,,,,,,,,,,,,,,,,
03/19/2021,1,Labuan,2,,0.001383662,,,,,,,,,,,,,,,,,,,,,,,,,,,
03/20/2021,127,Labuan,2,,0.175725039,,,,,,,,,,,,,,,,,,,,,,,,,,,
03/21/2021,471,Labuan,2,,0.651704671,,,,,,,,,,,,,,,,,,,,,,,,,,,
03/22/2021,911,Labuan,2,,1.260515829,,,,,,,,,,,,,,,,,,,,,,,,,,,
03/23/2021,1276,Labuan,2,,1.765552358,,,,,,,,,,,,,,,,,,,,,,,,,,,
03/24/2021,1567,Labuan,2,,2.168197919,,,,,,,,,,,,,,,,,,,,,,,,,,,
03/25/2021,1759,Labuan,2,,2.43386097,,,,,,,,,,,,,,,,,,,,,,,,,,,
03/26/2021,1909,Labuan,2,,2.641410228,,,,,,,,,,,,,,,,,,,,,,,,,,,
03/27/2021,1987,Labuan,2,,2.749335842,,,,,,,,,,,,,,,,,,,,,,,,,,,
03/28/2021,2066,Labuan,2,,2.858645118,,,,,,,,,,,,,,,,,,,,,,,,,,,
03/29/2021,2132,Labuan,2,,2.949966792,,,,,,,,,,,,,,,,,,,,,,,,,,,
03/30/2021,2156,Labuan,2,,2.983174673,,,,,,,,,,,,,,,,,,,,,,,,,,,
03/31/2021,2287,Labuan,2,,3.164434359,,,,,,,,,,,,,,,,,,,,,,,,,,,
4/01/2021,2287,Labuan,2,,3.164434359,,,,,,,,,,,,,,,,,,,,,,,,,,,
4/02/2021,2318,Labuan,2,,3.207327872,,,,,,,,,,,,,,,,,,,,,,,,,,,
4/03/2021,2319,Labuan,2,,3.208711534,,,,,,,,,,,,,,,,,,,,,,,,,,,
4/04/2021,2319,Labuan,2,,3.208711534,,,,,,,,,,,,,,,,,,,,,,,,,,,
4/05/2021,2319,Labuan,2,,3.208711534,,,,,,,,,,,,,,,,,,,,,,,,,,,
4/06/2021,2319,Labuan,2,,3.208711534,,,,,,,,,,,,,,,,,,,,,,,,,,,
4/07/2021,2319,Labuan,2,,3.208711534,,,,,,,,,,,,,,,,,,,,,,,,,,,
4/08/2021,2319,Labuan,2,,3.208711534,,,,,,,,,,,,,,,,,,,,,,,,,,,
4/09/2021,2319,Labuan,2,,3.208711534,,,,,,,,,,,,,,,,,,,,,,,,,,,
3/03/2021,13691,Sarawak,1,,0.660606324,,,,,,,,,,,,,,,,,,,,,,,,,,,
3/04/2021,14134,Sarawak,1,,0.681981578,,,,,,,,,,,,,,,,,,,,,,,,,,,
3/05/2021,14855,Sarawak,1,,0.716770648,,,,,,,,,,,,,,,,,,,,,,,,,,,
3/06/2021,18034,Sarawak,1,,0.870161014,,,,,,,,,,,,,,,,,,,,,,,,,,,
3/07/2021,22140,Sarawak,1,,1.068280185,,,,,,,,,,,,,,,,,,,,,,,,,,,
3/08/2021,25271,Sarawak,1,,1.219354496,,,,,,,,,,,,,,,,,,,,,,,,,,,
3/09/2021,27500,Sarawak,1,,1.326906282,,,,,,,,,,,,,,,,,,,,,,,,,,,
3/10/2021,28194,Sarawak,1,,1.360392571,,,,,,,,,,,,,,,,,,,,,,,,,,,
3/11/2021,28212,Sarawak,1,,1.361261092,,,,,,,,,,,,,,,,,,,,,,,,,,,
3/12/2021,29052,Sarawak,1,,1.401792047,,,,,,,,,,,,,,,,,,,,,,,,,,,
03/13/2021,30634,Sarawak,1,,1.478125347,,,,,,,,,,,,,,,,,,,,,,,,,,,
03/14/2021,31527,Sarawak,1,,1.521213613,,,,,,,,,,,,,,,,,,,,,,,,,,,
03/15/2021,32028,Sarawak,1,,1.545387433,,,,,,,,,,,,,,,,,,,,,,,,,,,
03/16/2021,32465,Sarawak,1,,1.56647318,,,,,,,,,,,,,,,,,,,,,,,,,,,
03/17/2021,32665,Sarawak,1,,1.576123407,,,,,,,,,,,,,,,,,,,,,,,,,,,
03/18/2021,32762,Sarawak,1,,1.580803767,,,,,,,,,,,,,,,,,,,,,,,,,,,
03/19/2021,32907,Sarawak,1,,1.587800182,,,,,,,,,,,,,,,,,,,,,,,,,,,
03/20/2021,33788,Sarawak,1,,1.630309435,,,,,,,,,,,,,,,,,,,,,,,,,,,
03/21/2021,35272,Sarawak,1,,1.701914123,,,,,,,,,,,,,,,,,,,,,,,,,,,
03/22/2021,35913,Sarawak,1,,1.732843102,,,,,,,,,,,,,,,,,,,,,,,,,,,
03/23/2021,36103,Sarawak,1,,1.742010818,,,,,,,,,,,,,,,,,,,,,,,,,,,
03/24/2021,36244,Sarawak,1,,1.748814228,,,,,,,,,,,,,,,,,,,,,,,,,,,
03/25/2021,36385,Sarawak,1,,1.755617639,,,,,,,,,,,,,,,,,,,,,,,,,,,
03/26/2021,36445,Sarawak,1,,1.758512707,,,,,,,,,,,,,,,,,,,,,,,,,,,
03/27/2021,36972,Sarawak,1,,1.783941056,,,,,,,,,,,,,,,,,,,,,,,,,,,
03/28/2021,37889,Sarawak,1,,1.82818735,,,,,,,,,,,,,,,,,,,,,,,,,,,
03/29/2021,37006,Sarawak,1,,1.785581595,,,,,,,,,,,,,,,,,,,,,,,,,,,
03/30/2021,39970,Sarawak,1,,1.928597967,,,,,,,,,,,,,,,,,,,,,,,,,,,
03/31/2021,43862,Sarawak,1,,2.116391394,,,,,,,,,,,,,,,,,,,,,,,,,,,
4/01/2021,48079,Sarawak,1,,2.319866441,,,,,,,,,,,,,,,,,,,,,,,,,,,
4/02/2021,50482,Sarawak,1,,2.435813924,,,,,,,,,,,,,,,,,,,,,,,,,,,
4/03/2021,52157,Sarawak,1,,2.51663458,,,,,,,,,,,,,,,,,,,,,,,,,,,
4/04/2021,53598,Sarawak,1,,2.586164469,,,,,,,,,,,,,,,,,,,,,,,,,,,
4/05/2021,54344,Sarawak,1,,2.622159817,,,,,,,,,,,,,,,,,,,,,,,,,,,
4/06/2021,55037,Sarawak,1,,2.655597856,,,,,,,,,,,,,,,,,,,,,,,,,,,
4/07/2021,56587,Sarawak,1,,2.730387119,,,,,,,,,,,,,,,,,,,,,,,,,,,
4/08/2021,57466,Sarawak,1,,2.772799869,,,,,,,,,,,,,,,,,,,,,,,,,,,
4/09/2021,57682,Sarawak,1,,2.783222114,,,,,,,,,,,,,,,,,,,,,,,,,,,
3/03/2021,0,Sarawak,2,,0,,,,,,,,,,,,,,,,,,,,,,,,,,,
3/04/2021,0,Sarawak,2,,0,,,,,,,,,,,,,,,,,,,,,,,,,,,
3/05/2021,0,Sarawak,2,,0,,,,,,,,,,,,,,,,,,,,,,,,,,,
3/06/2021,0,Sarawak,2,,0,,,,,,,,,,,,,,,,,,,,,,,,,,,
3/07/2021,0,Sarawak,2,,0,,,,,,,,,,,,,,,,,,,,,,,,,,,
3/08/2021,0,Sarawak,2,,0,,,,,,,,,,,,,,,,,,,,,,,,,,,
3/09/2021,0,Sarawak,2,,0,,,,,,,,,,,,,,,,,,,,,,,,,,,
3/10/2021,0,Sarawak,2,,0,,,,,,,,,,,,,,,,,,,,,,,,,,,
3/11/2021,0,Sarawak,2,,0,,,,,,,,,,,,,,,,,,,,,,,,,,,
3/12/2021,0,Sarawak,2,,0,,,,,,,,,,,,,,,,,,,,,,,,,,,
03/13/2021,0,Sarawak,2,,0,,,,,,,,,,,,,,,,,,,,,,,,,,,
03/14/2021,0,Sarawak,2,,0,,,,,,,,,,,,,,,,,,,,,,,,,,,
03/15/2021,0,Sarawak,2,,0,,,,,,,,,,,,,,,,,,,,,,,,,,,
03/16/2021,0,Sarawak,2,,0,,,,,,,,,,,,,,,,,,,,,,,,,,,
03/17/2021,0,Sarawak,2,,0,,,,,,,,,,,,,,,,,,,,,,,,,,,
03/18/2021,0,Sarawak,2,,0,,,,,,,,,,,,,,,,,,,,,,,,,,,
03/19/2021,1487,Sarawak,2,,0.071749441,,,,,,,,,,,,,,,,,,,,,,,,,,,
03/20/2021,4848,Sarawak,2,,0.233921515,,,,,,,,,,,,,,,,,,,,,,,,,,,
03/21/2021,7735,Sarawak,2,,0.373222549,,,,,,,,,,,,,,,,,,,,,,,,,,,
03/22/2021,9537,Sarawak,2,,0.460171099,,,,,,,,,,,,,,,,,,,,,,,,,,,
03/23/2021,10166,Sarawak,2,,0.490521064,,,,,,,,,,,,,,,,,,,,,,,,,,,
03/24/2021,10643,Sarawak,2,,0.513536857,,,,,,,,,,,,,,,,,,,,,,,,,,,
03/25/2021,11017,Sarawak,2,,0.531582782,,,,,,,,,,,,,,,,,,,,,,,,,,,
03/26/2021,12100,Sarawak,2,,0.583838764,,,,,,,,,,,,,,,,,,,,,,,,,,,
03/27/2021,15135,Sarawak,2,,0.730280966,,,,,,,,,,,,,,,,,,,,,,,,,,,
03/28/2021,19145,Sarawak,2,,0.923768028,,,,,,,,,,,,,,,,,,,,,,,,,,,
03/29/2021,22429,Sarawak,2,,1.082224763,,,,,,,,,,,,,,,,,,,,,,,,,,,
03/30/2021,24535,Sarawak,2,,1.183841659,,,,,,,,,,,,,,,,,,,,,,,,,,,
03/31/2021,25236,Sarawak,2,,1.217665706,,,,,,,,,,,,,,,,,,,,,,,,,,,
4/01/2021,25287,Sarawak,2,,1.220126514,,,,,,,,,,,,,,,,,,,,,,,,,,,
4/02/2021,25615,Sarawak,2,,1.235952888,,,,,,,,,,,,,,,,,,,,,,,,,,,
4/03/2021,26600,Sarawak,2,,1.283480258,,,,,,,,,,,,,,,,,,,,,,,,,,,
4/04/2021,27281,Sarawak,2,,1.316339283,,,,,,,,,,,,,,,,,,,,,,,,,,,
4/05/2021,27645,Sarawak,2,,1.333902697,,,,,,,,,,,,,,,,,,,,,,,,,,,
4/06/2021,28472,Sarawak,2,,1.373806387,,,,,,,,,,,,,,,,,,,,,,,,,,,
4/07/2021,29332,Sarawak,2,,1.415302366,,,,,,,,,,,,,,,,,,,,,,,,,,,
4/08/2021,29873,Sarawak,2,,1.441406231,,,,,,,,,,,,,,,,,,,,,,,,,,,
4/09/2021,30014,Sarawak,2,,1.448209642,,,,,,,,,,,,,,,,,,,,,,,,,,,
